op,value
push,0xa5a5a5a5
push,0xdeadbeef
push,0x01234567
push,0x89abcdef
pop,0xdeadbeef
pop,0x01234567
pop,0x89abcdef
pop,0x00000000
push,0x2308db55
pop,0x00000000
push,0x02f60da3
push,0x0341b485
push,0x6b5029af
push,0x3c2d4cd7
push,0x328726c8
pop,0x0341b485
pop,0x6b5029af
push,0x6341da11
push,0x5c5c1ebd
pop,0x3c2d4cd7
push,0x731d414b
pop,0x328726c8
pop,0x6341da11
pop,0x5c5c1ebd
pop,0x731d414b
push,0x41f388eb
push,0x2d43b29a
push,0x08d3bf02
push,0x2a01d698
pop,0x41f388eb
push,0x0d1c5152
push,0x69787010
pop,0x2d43b29a
push,0x5c95b15b
push,0x5eb40471
pop,0x08d3bf02
push,0x3d64b098
pop,0x2a01d698
push,0x048e42eb
push,0x25c4d700
push,0x17d9b99e
pop,0x0d1c5152
push,0x24f60af0
pop,0x69787010
pop,0x5c95b15b
push,0x0f3b4309
pop,0x5eb40471
pop,0x3d64b098
pop,0x048e42eb
push,0x1df98444
push,0x7940c3bd
pop,0x25c4d700
push,0x7b0092c5
push,0x5868b180
pop,0x17d9b99e
push,0x0e088c7a
push,0x09cb8ce3
pop,0x24f60af0
push,0x716b01bb
push,0x0cea6b42
pop,0x0f3b4309
pop,0x1df98444
pop,0x7940c3bd
push,0x299b02ed
pop,0x7b0092c5
push,0x47948732
pop,0x5868b180
pop,0x0e088c7a
pop,0x09cb8ce3
pop,0x716b01bb
push,0x51afe4d2
pop,0x0cea6b42
push,0x38b3a7a7
push,0x76868cd8
pop,0x299b02ed
push,0x18eaaeef
push,0x0ce07e46
pop,0x47948732
push,0x3669e9ec
pop,0x51afe4d2
push,0x6d11a550
pop,0x38b3a7a7
push,0x0770ca52
push,0x45ed27a1
pop,0x76868cd8
push,0x75096e6d
push,0x2dbd1615
push,0x0cc6b96a
push,0x36319e53
pop,0x18eaaeef
push,0x3a856661
pop,0x0ce07e46
push,0x2ab8b38e
pop,0x3669e9ec
push,0x448703a8
pop,0x6d11a550
push,0x52552b46
push,0x4943648f
push,0x0e0c5c70
push,0x7dd21a97
pop,0x0770ca52
push,0x3113426d
pop,0x45ed27a1
pop,0x75096e6d
push,0x2b9062bb
push,0x51e5788f
push,0x00f209c5
pop,0x2dbd1615
pop,0x0cc6b96a
pop,0x36319e53
pop,0x3a856661
push,0x5b51d2e0
pop,0x2ab8b38e
pop,0x448703a8
pop,0x52552b46
push,0x6e9f4245
pop,0x4943648f
pop,0x0e0c5c70
pop,0x7dd21a97
pop,0x3113426d
push,0x144707fe
push,0x0c101e1a
pop,0x2b9062bb
push,0x65ccfc84
push,0x7555a8d8
push,0x0651270d
push,0x47e7c87b
push,0x182dbf1b
push,0x1a280f74
pop,0x51e5788f
pop,0x00f209c5
push,0x4e454a37
pop,0x5b51d2e0
push,0x5ab46502
push,0x78128366
push,0x2c78c43d
push,0x2c7dca39
pop,0x6e9f4245
push,0x46b354fb
push,0x4c127243
pop,0x144707fe
pop,0x0c101e1a
push,0x095221fc
push,0x4392cf43
pop,0x65ccfc84
push,0x55bc9547
pop,0x7555a8d8
pop,0x0651270d
pop,0x47e7c87b
push,0x163d8541
push,0x1a51bac9
pop,0x182dbf1b
pop,0x1a280f74
push,0x4d2f0bf9
pop,0x4e454a37
push,0x427c9105
push,0x698759f1
push,0x3b2d85de
pop,0x5ab46502
pop,0x78128366
pop,0x2c78c43d
push,0x5ad48b0f
pop,0x2c7dca39
pop,0x46b354fb
push,0x07867084
push,0x1dc3f5c5
pop,0x4c127243
push,0x679cfa0b
pop,0x095221fc
pop,0x4392cf43
pop,0x55bc9547
pop,0x163d8541
push,0x227e7246
push,0x7d57f751
pop,0x1a51bac9
push,0x6f084d5a
push,0x030c3624
pop,0x4d2f0bf9
push,0x72fd1c89
push,0x5f9dc901
push,0x64307a0e
push,0x680ae4e3
pop,0x427c9105
push,0x57ffebb3
pop,0x698759f1
push,0x1c8485d0
pop,0x3b2d85de
push,0x370b8dd1
pop,0x5ad48b0f
pop,0x07867084
push,0x0bb88bbe
push,0x7a7f464c
pop,0x1dc3f5c5
pop,0x679cfa0b
push,0x09e6bded
pop,0x227e7246
pop,0x7d57f751
push,0x38d3562b
pop,0x6f084d5a
pop,0x030c3624
push,0x58304fc1
push,0x226f295d
pop,0x72fd1c89
pop,0x5f9dc901
push,0x10f16e99
pop,0x64307a0e
pop,0x680ae4e3
pop,0x57ffebb3
push,0x3023d304
pop,0x1c8485d0
push,0x1a58e300
pop,0x370b8dd1
push,0x1f3371fe
push,0x22885c71
pop,0x0bb88bbe
push,0x5ec95e92
push,0x384415c0
pop,0x7a7f464c
pop,0x09e6bded
push,0x41f43032
pop,0x38d3562b
pop,0x58304fc1
pop,0x226f295d
pop,0x10f16e99
pop,0x3023d304
pop,0x1a58e300
pop,0x1f3371fe
push,0x655ef024
pop,0x22885c71
pop,0x5ec95e92
push,0x4fa76008
push,0x1cb50ec3
push,0x1ebb8615
push,0x4e3da17c
pop,0x384415c0
push,0x5800283e
push,0x72b41d99
pop,0x41f43032
pop,0x655ef024
pop,0x4fa76008
pop,0x1cb50ec3
pop,0x1ebb8615
pop,0x4e3da17c
push,0x365ba12a
push,0x1bba914e
pop,0x5800283e
pop,0x72b41d99
push,0x70fac960
push,0x357a3465
push,0x03b7d5e1
pop,0x365ba12a
pop,0x1bba914e
pop,0x70fac960
pop,0x357a3465
pop,0x03b7d5e1
push,0x355cdef2
pop,0x355cdef2
push,0x1b7068a5
push,0x1d05e4a9
push,0x06c81e8a
pop,0x1b7068a5
pop,0x1d05e4a9
pop,0x06c81e8a
pop,0x655ef024
push,0x6c071f06
pop,0x4fa76008
push,0x2181536b
pop,0x1cb50ec3
push,0x2e42f17c
push,0x7248c088
pop,0x7248c088
push,0x15fc81b4
push,0x6de2154c
pop,0x15fc81b4
push,0x09abdabe
push,0x38143cd5
push,0x58dfbd7f
pop,0x6de2154c
pop,0x09abdabe
pop,0x38143cd5
pop,0x58dfbd7f
push,0x1d556951
pop,0x1d556951
pop,0x357a3465
push,0x013b1d00
pop,0x03b7d5e1
push,0x61dabfc3
push,0x2013da7f
pop,0x2013da7f
push,0x66f61c98
push,0x0f606eb3
push,0x6e62c785
pop,0x66f61c98
pop,0x0f606eb3
pop,0x6e62c785
push,0x6e0d8154
push,0x58bc9ec6
push,0x77243c78
pop,0x6e0d8154
pop,0x58bc9ec6
pop,0x77243c78
pop,0x7248c088
push,0x77ebc9dd
pop,0x15fc81b4
push,0x770a7d84
pop,0x6de2154c
push,0x778c4ff9
push,0x7e44dd18
pop,0x7e44dd18
push,0x32d7d05d
pop,0x32d7d05d
push,0x29fc0cd5
pop,0x29fc0cd5
push,0x64c1104b
push,0x1f65f03e
push,0x402b771b
push,0x775e2595
pop,0x64c1104b
push,0x750e6986
push,0x3eef1c4e
pop,0x1f65f03e
pop,0x402b771b
push,0x05036a84
push,0x1b7b439a
push,0x04907084
push,0x57814193
push,0x26d0d301
push,0x07c84b02
push,0x4383f904
pop,0x775e2595
push,0x7d78e5af
pop,0x750e6986
push,0x6ff5090e
push,0x4526658c
push,0x09ce253d
push,0x6f27592c
push,0x1e24f587
pop,0x3eef1c4e
push,0x0463543a
pop,0x05036a84
push,0x07a70182
pop,0x1b7b439a
pop,0x04907084
pop,0x57814193
pop,0x26d0d301
pop,0x07c84b02
pop,0x4383f904
push,0x4444fa07
pop,0x7d78e5af
push,0x18bebf7b
push,0x3d5ea706
pop,0x6ff5090e
push,0x1f2cb3b2
pop,0x4526658c
push,0x3d51a939
pop,0x09ce253d
pop,0x6f27592c
pop,0x1e24f587
pop,0x0463543a
push,0x6404d743
pop,0x07a70182
pop,0x4444fa07
push,0x102dbd35
pop,0x18bebf7b
push,0x1ccc57f8
push,0x31a0453a
push,0x1bf07bf3
push,0x110898cd
push,0x1f2208aa
pop,0x3d5ea706
pop,0x1f2cb3b2
pop,0x3d51a939
push,0x40391c86
push,0x0c21dfb3
push,0x11bd8c1b
push,0x7934ee3b
pop,0x6404d743
pop,0x102dbd35
pop,0x1ccc57f8
push,0x57a2cb51
pop,0x31a0453a
pop,0x1bf07bf3
pop,0x110898cd
push,0x3993baf6
push,0x688fef23
push,0x2b35ed0f
pop,0x1f2208aa
push,0x4bf3a014
pop,0x40391c86
push,0x7c150495
push,0x072dd004
pop,0x0c21dfb3
push,0x5ed09b55
push,0x08f801d2
pop,0x11bd8c1b
pop,0x7934ee3b
pop,0x57a2cb51
pop,0x3993baf6
pop,0x688fef23
pop,0x2b35ed0f
pop,0x4bf3a014
pop,0x7c150495
pop,0x072dd004
push,0x0690afa9
pop,0x5ed09b55
push,0x0a5cd07f
pop,0x08f801d2
pop,0x0690afa9
push,0x18881fdd
pop,0x0a5cd07f
pop,0x18881fdd
pop,0x40391c86
push,0x4478be21
push,0x76caa5d1
push,0x4dac84b3
pop,0x76caa5d1
push,0x498c317c
pop,0x4dac84b3
push,0x3f769f40
pop,0x498c317c
pop,0x3f769f40
push,0x7015c74f
pop,0x7015c74f
push,0x060a683a
pop,0x060a683a
push,0x582eb91d
pop,0x582eb91d
push,0x2c4bd6a5
pop,0x2c4bd6a5
pop,0x7c150495
push,0x614504d4
push,0x37a6cd53
pop,0x37a6cd53
pop,0x5ed09b55
push,0x01354736
push,0x45dbe32d
pop,0x45dbe32d
pop,0x0690afa9
push,0x4490758b
push,0x1d081070
pop,0x1d081070
push,0x1a283ae3
pop,0x1a283ae3
push,0x11598177
push,0x2748c0cd
push,0x6caab619
pop,0x11598177
push,0x688e3d93
pop,0x2748c0cd
push,0x44b6f22c
pop,0x6caab619
pop,0x688e3d93
pop,0x44b6f22c
pop,0x7015c74f
push,0x68b4ab1f
pop,0x060a683a
push,0x49953207
push,0x09b2ed64
push,0x18ecd473
pop,0x09b2ed64
pop,0x18ecd473
push,0x5117c8a6
pop,0x5117c8a6
push,0x50dd043d
push,0x16797900
pop,0x50dd043d
pop,0x16797900
push,0x28787f2f
pop,0x28787f2f
pop,0x4490758b
push,0x7254ddb8
push,0x01c24478
push,0x4fdc2f85
pop,0x01c24478
pop,0x4fdc2f85
pop,0x11598177
push,0x71a50b11
push,0x2419cdc2
pop,0x2419cdc2
pop,0x6caab619
push,0x4da08027
push,0x4c000507
pop,0x4c000507
pop,0x44b6f22c
push,0x288bc72d
push,0x7a1da8e7
pop,0x7a1da8e7
push,0x3f524c08
push,0x36537892
push,0x21b59a7e
pop,0x3f524c08
push,0x6ef8ac11
pop,0x36537892
push,0x2653369f
push,0x15575df1
push,0x05004b24
push,0x04071c90
pop,0x21b59a7e
push,0x22abe314
push,0x1926843b
pop,0x6ef8ac11
push,0x31ece147
pop,0x2653369f
pop,0x15575df1
pop,0x05004b24
push,0x004acd6f
pop,0x04071c90
pop,0x22abe314
push,0x3f79222e
push,0x4b185905
push,0x10dca885
push,0x058611ff
push,0x7fa62de6
pop,0x1926843b
push,0x5db4b6e8
push,0x0c4fc761
push,0x0dce0fbf
push,0x656df602
pop,0x31ece147
pop,0x004acd6f
push,0x444b9bb8
pop,0x3f79222e
pop,0x4b185905
push,0x0e7ae643
push,0x4a5941a9
pop,0x10dca885
push,0x6fde9902
push,0x264fa4d6
pop,0x058611ff
pop,0x7fa62de6
push,0x73c463ce
pop,0x5db4b6e8
pop,0x0c4fc761
pop,0x0dce0fbf
push,0x0d114057
pop,0x656df602
pop,0x444b9bb8
push,0x2331107d
pop,0x0e7ae643
push,0x6514a84c
push,0x2c6af4c6
push,0x008b7f63
pop,0x4a5941a9
push,0x148c77a5
push,0x7cd3dcc5
pop,0x6fde9902
push,0x3140a874
push,0x3bcbd801
push,0x7404a50a
push,0x1ba7ef5f
push,0x23bb2682
pop,0x264fa4d6
pop,0x73c463ce
pop,0x0d114057
pop,0x2331107d
push,0x057493fa
pop,0x6514a84c
push,0x72e851d6
push,0x03511574
push,0x4312f46c
pop,0x2c6af4c6
push,0x579f6c12
push,0x7fd309e0
pop,0x008b7f63
push,0x33f047f7
pop,0x148c77a5
push,0x6dac733a
push,0x635ca348
pop,0x7cd3dcc5
push,0x7826a8c2
pop,0x3140a874
pop,0x3bcbd801
pop,0x7404a50a
pop,0x1ba7ef5f
push,0x19af9734
push,0x630ce63a
pop,0x23bb2682
push,0x2a53566e
pop,0x057493fa
pop,0x72e851d6
push,0x46d8bf94
push,0x3893b218
push,0x489ead32
push,0x20dacb6c
pop,0x03511574
push,0x788e4b02
pop,0x4312f46c
push,0x06365cca
pop,0x579f6c12
push,0x40fc3815
pop,0x7fd309e0
push,0x6f9f5a43
pop,0x33f047f7
push,0x4010cb11
pop,0x6dac733a
push,0x523fc61f
pop,0x635ca348
push,0x1d8b5b8a
pop,0x7826a8c2
pop,0x19af9734
pop,0x630ce63a
pop,0x2a53566e
pop,0x46d8bf94
pop,0x3893b218
pop,0x489ead32
pop,0x20dacb6c
pop,0x788e4b02
push,0x69017049
pop,0x06365cca
push,0x3b121a9f
push,0x3da1518f
pop,0x40fc3815
push,0x4ea90141
push,0x12ad7819
push,0x71003407
pop,0x6f9f5a43
push,0x32ad73da
push,0x421590c9
push,0x7eceada3
pop,0x4010cb11
push,0x2f6bd625
push,0x7742ebdc
pop,0x523fc61f
pop,0x1d8b5b8a
push,0x145d53d2
pop,0x69017049
pop,0x3b121a9f
push,0x7123189e
pop,0x3da1518f
push,0x0faaf05f
push,0x00ab2466
push,0x1f83b96c
pop,0x4ea90141
pop,0x12ad7819
pop,0x71003407
push,0x545aa544
push,0x541ff741
pop,0x32ad73da
pop,0x421590c9
push,0x336daf0d
push,0x1ec97a9a
pop,0x7eceada3
pop,0x2f6bd625
push,0x037693dd
push,0x367b3eb6
pop,0x7742ebdc
push,0x4fe703fa
push,0x1c2454b7
push,0x3ba80e23
push,0x2c11a421
pop,0x145d53d2
pop,0x7123189e
pop,0x0faaf05f
push,0x33cadbdf
push,0x5c7c05a8
push,0x13655e76
pop,0x00ab2466
push,0x13d878a6
pop,0x1f83b96c
push,0x1a0466f9
pop,0x545aa544
push,0x1f2710a8
pop,0x541ff741
pop,0x336daf0d
push,0x1f48c28c
pop,0x1ec97a9a
push,0x26dfe111
pop,0x037693dd
pop,0x367b3eb6
pop,0x4fe703fa
push,0x3ad1a36e
push,0x77477c70
pop,0x1c2454b7
pop,0x3ba80e23
push,0x4da57536
pop,0x2c11a421
push,0x63937bda
pop,0x33cadbdf
push,0x23107a02
push,0x69b41b07
push,0x47ed5ead
push,0x04359a9b
pop,0x5c7c05a8
push,0x6d5968ea
pop,0x13655e76
push,0x44b62a40
pop,0x13d878a6
push,0x3bfda6b0
pop,0x1a0466f9
pop,0x1f2710a8
pop,0x1f48c28c
pop,0x26dfe111
push,0x58d8ece1
pop,0x3ad1a36e
pop,0x77477c70
push,0x064883e2
push,0x7da274f5
push,0x00126965
pop,0x4da57536
push,0x7c434206
push,0x51a81a8a
push,0x39854d63
pop,0x63937bda
pop,0x23107a02
pop,0x69b41b07
push,0x3b08fbb1
pop,0x47ed5ead
push,0x2039ebe0
pop,0x04359a9b
push,0x1418712b
pop,0x6d5968ea
pop,0x44b62a40
push,0x52b37f59
push,0x0062ff54
push,0x35b2b746
pop,0x3bfda6b0
pop,0x58d8ece1
pop,0x064883e2
push,0x3782d1a2
pop,0x7da274f5
push,0x4ee9bbb5
push,0x4278dbfa
push,0x2a2ca347
pop,0x00126965
pop,0x7c434206
push,0x08ceae57
push,0x57d981c1
push,0x3ea4d0d3
pop,0x51a81a8a
push,0x1a96348f
pop,0x39854d63
pop,0x3b08fbb1
push,0x7170d987
push,0x3795b083
pop,0x2039ebe0
push,0x0cb0eed2
pop,0x1418712b
push,0x648a7093
pop,0x52b37f59
pop,0x0062ff54
pop,0x35b2b746
push,0x7eecadf1
pop,0x3782d1a2
push,0x5e57ab89
push,0x32b092c5
pop,0x4ee9bbb5
push,0x48b84550
pop,0x4278dbfa
pop,0x2a2ca347
pop,0x08ceae57
pop,0x57d981c1
pop,0x3ea4d0d3
pop,0x1a96348f
pop,0x7170d987
push,0x64785ea0
pop,0x3795b083
pop,0x0cb0eed2
pop,0x648a7093
push,0x14de5658
push,0x4ba5dbbe
push,0x343add59
pop,0x7eecadf1
pop,0x5e57ab89
push,0x3cd84b2e
push,0x75042509
push,0x50520264
push,0x3ed90454
pop,0x32b092c5
pop,0x48b84550
pop,0x64785ea0
push,0x2ade962a
push,0x182cc65e
push,0x63d2a21c
push,0x10d0c7a6
pop,0x14de5658
push,0x692d114c
push,0x5ae8aae4
pop,0x4ba5dbbe
push,0x11a6f5d3
pop,0x343add59
pop,0x3cd84b2e
pop,0x75042509
push,0x0dd27809
pop,0x50520264
push,0x1c7ebce9
push,0x28aeb4e4
push,0x03ba549e
push,0x3f707fd3
push,0x435cbb8e
push,0x71210692
pop,0x3ed90454
push,0x52179c0f
pop,0x2ade962a
push,0x11eb0900
pop,0x182cc65e
pop,0x63d2a21c
push,0x0443ecf2
push,0x6071dcd7
pop,0x10d0c7a6
push,0x71038de6
pop,0x692d114c
pop,0x5ae8aae4
pop,0x11a6f5d3
pop,0x0dd27809
pop,0x1c7ebce9
pop,0x28aeb4e4
pop,0x03ba549e
push,0x7c700857
pop,0x3f707fd3
pop,0x435cbb8e
push,0x081d840d
push,0x0186bab2
push,0x4f872348
push,0x5bb85d7c
push,0x0ca44cbe
push,0x5bd89bf7
push,0x06bc24c2
push,0x435b6ed7
pop,0x71210692
pop,0x52179c0f
push,0x6249a393
push,0x59cabe8b
pop,0x11eb0900
pop,0x0443ecf2
push,0x50ee597f
pop,0x6071dcd7
push,0x52751431
pop,0x71038de6
push,0x7a11d243
push,0x79f8825d
pop,0x7c700857
pop,0x081d840d
push,0x122b6bcd
push,0x289a376f
pop,0x0186bab2
pop,0x4f872348
pop,0x5bb85d7c
pop,0x0ca44cbe
push,0x2e14f35a
pop,0x5bd89bf7
pop,0x06bc24c2
push,0x2c25a8a0
pop,0x435b6ed7
push,0x7125056a
push,0x15528be2
pop,0x6249a393
push,0x48fffde3
push,0x1525b943
pop,0x59cabe8b
push,0x2dbfaac3
push,0x1cf72b32
pop,0x50ee597f
pop,0x52751431
push,0x2717b69b
push,0x3251bce5
pop,0x7a11d243
pop,0x79f8825d
pop,0x122b6bcd
pop,0x289a376f
push,0x6a3b4b3a
push,0x4ce9eaba
pop,0x2e14f35a
pop,0x2c25a8a0
push,0x57dbae87
pop,0x7125056a
pop,0x15528be2
push,0x03e88c81
pop,0x48fffde3
pop,0x1525b943
pop,0x2dbfaac3
push,0x2722c3c0
push,0x66f016a5
push,0x58531c63
pop,0x1cf72b32
pop,0x2717b69b
pop,0x3251bce5
pop,0x6a3b4b3a
push,0x3efc4261
push,0x20b29fef
push,0x6a569711
push,0x454ada8e
pop,0x4ce9eaba
pop,0x57dbae87
pop,0x03e88c81
pop,0x2722c3c0
push,0x1e8d8533
push,0x4e5a92c5
push,0x7b767cb1
pop,0x66f016a5
pop,0x58531c63
push,0x7256e694
push,0x320f7392
push,0x76cee0bb
push,0x51376cbe
push,0x4fff61f3
pop,0x3efc4261
pop,0x20b29fef
pop,0x6a569711
push,0x43b9b0ac
push,0x39e47b99
push,0x696e581a
pop,0x454ada8e
push,0x7d401d77
push,0x2f4f9109
push,0x261e71c4
push,0x45529bea
pop,0x1e8d8533
pop,0x4e5a92c5
pop,0x7b767cb1
pop,0x7256e694
pop,0x320f7392
pop,0x76cee0bb
pop,0x51376cbe
pop,0x4fff61f3
pop,0x43b9b0ac
push,0x0e32ad04
pop,0x39e47b99
push,0x0b72ca7c
pop,0x696e581a
pop,0x7d401d77
pop,0x2f4f9109
push,0x2b6d9e1f
push,0x1675ed90
pop,0x261e71c4
push,0x07469d46
push,0x53daf056
push,0x2822409b
push,0x1cebefce
pop,0x45529bea
pop,0x0e32ad04
pop,0x0b72ca7c
push,0x28b135fa
pop,0x2b6d9e1f
push,0x35bc6052
push,0x009b6f7e
pop,0x1675ed90
push,0x0738b004
push,0x08d3b38b
push,0x1d0b089a
push,0x043883a6
push,0x715eba91
pop,0x07469d46
push,0x4539aae7
push,0x6e519e6d
pop,0x53daf056
pop,0x2822409b
pop,0x1cebefce
push,0x44de0ce1
push,0x7ba3dca9
push,0x090ae4e2
push,0x104394e6
push,0x62d5316a
pop,0x28b135fa
pop,0x35bc6052
push,0x3ce2c3ae
pop,0x009b6f7e
pop,0x0738b004
pop,0x08d3b38b
push,0x1888e102
push,0x2a018826
push,0x25a564cf
push,0x0b89981a
pop,0x1d0b089a
pop,0x043883a6
push,0x3a917151
push,0x0067dc9c
pop,0x715eba91
pop,0x4539aae7
pop,0x6e519e6d
pop,0x44de0ce1
pop,0x7ba3dca9
pop,0x090ae4e2
pop,0x104394e6
pop,0x62d5316a
push,0x144e47e5
pop,0x3ce2c3ae
push,0x1afde3c8
pop,0x1888e102
push,0x4987712f
push,0x53360117
pop,0x2a018826
pop,0x25a564cf
push,0x1a3edb1c
push,0x7ad6f1b7
push,0x2a1d5901
push,0x40796882
pop,0x0b89981a
pop,0x3a917151
push,0x04fb149c
pop,0x0067dc9c
pop,0x144e47e5
pop,0x1afde3c8
push,0x6719539e
push,0x33987321
pop,0x4987712f
push,0x03ec58ea
push,0x11146c90
pop,0x53360117
pop,0x1a3edb1c
pop,0x7ad6f1b7
pop,0x2a1d5901
push,0x6eaad9d7
push,0x4cfb1898
pop,0x40796882
push,0x51f62d34
push,0x0b422ff1
push,0x4797d667
push,0x18d250dd
pop,0x04fb149c
pop,0x6719539e
push,0x33045a38
pop,0x33987321
pop,0x03ec58ea
push,0x6977d61c
pop,0x11146c90
push,0x5c8895e1
push,0x34fda5db
push,0x632f1731
pop,0x6eaad9d7
push,0x51d9f108
push,0x302a0822
push,0x0f1e6095
push,0x4380de4a
pop,0x4cfb1898
push,0x59a9aeb1
pop,0x51f62d34
pop,0x0b422ff1
pop,0x4797d667
push,0x6fcb3264
pop,0x18d250dd
push,0x353e2a42
pop,0x33045a38
pop,0x6977d61c
pop,0x5c8895e1
push,0x1ab3abca
push,0x57dbdf2b
pop,0x34fda5db
pop,0x632f1731
pop,0x51d9f108
pop,0x302a0822
push,0x27d19d94
push,0x0b7fc63e
push,0x5241d004
pop,0x0f1e6095
pop,0x4380de4a
push,0x4d86290f
pop,0x59a9aeb1
pop,0x6fcb3264
pop,0x353e2a42
pop,0x1ab3abca
push,0x07200d22
push,0x5a18fd8b
pop,0x57dbdf2b
pop,0x27d19d94
pop,0x0b7fc63e
push,0x43de7f9f
pop,0x5241d004
pop,0x4d86290f
push,0x7d2a5034
push,0x4bb18ae9
push,0x3302066f
push,0x558924a1
push,0x4e61efd3
push,0x757b552f
push,0x35745744
pop,0x07200d22
push,0x33ab2fef
pop,0x5a18fd8b
push,0x0dc42d7b
push,0x3070cc3e
push,0x121f2fcc
pop,0x43de7f9f
push,0x21673cc1
push,0x6b709b24
pop,0x7d2a5034
push,0x5bb69d96
push,0x2b43c87c
pop,0x4bb18ae9
push,0x09e0d485
pop,0x3302066f
pop,0x558924a1
pop,0x4e61efd3
pop,0x757b552f
pop,0x35745744
push,0x51485b21
push,0x0db9f78c
pop,0x33ab2fef
pop,0x0dc42d7b
push,0x17ab74bc
push,0x486f880a
push,0x659f8e7d
pop,0x3070cc3e
pop,0x121f2fcc
push,0x667754e8
push,0x48f1977b
pop,0x21673cc1
push,0x37ac9bfa
pop,0x6b709b24
pop,0x5bb69d96
pop,0x2b43c87c
pop,0x09e0d485
push,0x415013bb
pop,0x51485b21
push,0x738dbca4
push,0x3d0dbeb4
pop,0x0db9f78c
pop,0x17ab74bc
push,0x6f9d7379
push,0x4c33f3dc
pop,0x486f880a
pop,0x659f8e7d
pop,0x667754e8
pop,0x48f1977b
push,0x37d5edd9
push,0x76f9c4d4
pop,0x37ac9bfa
push,0x787780ee
pop,0x415013bb
push,0x0ac511bd
push,0x63c09a35
pop,0x738dbca4
push,0x6ef3399a
pop,0x3d0dbeb4
pop,0x6f9d7379
pop,0x4c33f3dc
pop,0x37d5edd9
pop,0x76f9c4d4
push,0x5d6fe9b4
pop,0x787780ee
pop,0x0ac511bd
pop,0x63c09a35
push,0x79307f53
push,0x304114fd
pop,0x6ef3399a
push,0x28b895ec
push,0x6fa4ad89
push,0x413f4b4c
pop,0x5d6fe9b4
push,0x666821d3
pop,0x79307f53
pop,0x304114fd
pop,0x28b895ec
pop,0x6fa4ad89
pop,0x413f4b4c
pop,0x666821d3
pop,0x3d0dbeb4
push,0x60963122
pop,0x6f9d7379
push,0x1cdba780
pop,0x4c33f3dc
push,0x073b81f9
pop,0x37d5edd9
push,0x4b0afaea
pop,0x76f9c4d4
push,0x1827fdef
pop,0x787780ee
push,0x4f21b569
push,0x0cbc0c54
pop,0x0cbc0c54
push,0x4855b038
pop,0x4855b038
pop,0x6ef3399a
push,0x1f4c4de2
pop,0x5d6fe9b4
push,0x3571da96
pop,0x79307f53
push,0x72a1248a
pop,0x304114fd
push,0x41c2d9f4
push,0x742c7869
push,0x126b571c
pop,0x742c7869
pop,0x126b571c
pop,0x413f4b4c
push,0x404c0963
push,0x673d7767
pop,0x673d7767
push,0x6394295a
push,0x25f14ad5
pop,0x6394295a
push,0x713c488a
pop,0x25f14ad5
push,0x4d3da6a6
pop,0x713c488a
pop,0x4d3da6a6
pop,0x1827fdef
push,0x7dc4bb02
pop,0x4f21b569
push,0x67295e23
push,0x46c71df7
pop,0x46c71df7
push,0x12b7d895
push,0x4d3feb7f
push,0x45eb757d
pop,0x12b7d895
push,0x51025697
pop,0x4d3feb7f
pop,0x45eb757d
push,0x7e173ad0
pop,0x51025697
push,0x4a8afeb4
push,0x4ed463fa
push,0x398cbffb
pop,0x7e173ad0
push,0x626dfe22
push,0x3f960d8c
push,0x159143de
push,0x37dcbe00
push,0x23c3c521
pop,0x4a8afeb4
pop,0x4ed463fa
push,0x2bcad7ff
pop,0x398cbffb
push,0x33a254c4
pop,0x626dfe22
push,0x6d2f14bf
pop,0x3f960d8c
pop,0x159143de
push,0x3305b1b7
pop,0x37dcbe00
pop,0x23c3c521
push,0x314c8a7c
pop,0x2bcad7ff
pop,0x33a254c4
push,0x630849c6
push,0x3f2a62ab
push,0x3ccb33fd
pop,0x6d2f14bf
pop,0x3305b1b7
push,0x11e1ee1b
pop,0x314c8a7c
pop,0x630849c6
pop,0x3f2a62ab
push,0x3358d344
push,0x78e51a74
pop,0x3ccb33fd
pop,0x11e1ee1b
pop,0x3358d344
push,0x06d9b46a
pop,0x78e51a74
pop,0x06d9b46a
push,0x37b6780b
push,0x59c7b665
pop,0x37b6780b
push,0x1692ea62
pop,0x59c7b665
push,0x07007323
pop,0x1692ea62
push,0x649d10a4
pop,0x07007323
pop,0x649d10a4
push,0x5dac42d2
push,0x1e762902
push,0x4c0ace29
push,0x43b2f957
push,0x7add075a
pop,0x5dac42d2
push,0x38f42d8b
pop,0x1e762902
push,0x5a139d83
push,0x38ed88d4
push,0x314c6507
pop,0x4c0ace29
push,0x384cd82b
push,0x187ef340
pop,0x43b2f957
push,0x1f4aa3e6
pop,0x7add075a
push,0x49c4264b
pop,0x38f42d8b
push,0x14d83110
push,0x625ab58d
push,0x1b4ee318
pop,0x5a139d83
pop,0x38ed88d4
pop,0x314c6507
push,0x378ac81e
pop,0x384cd82b
push,0x5009bb5e
push,0x3452e98b
pop,0x187ef340
push,0x21bb2bcd
push,0x101b8897
push,0x5c0bb359
push,0x70e3e469
push,0x5f0dead0
pop,0x1f4aa3e6
pop,0x49c4264b
push,0x5bd8a433
push,0x6f3ab9cb
push,0x47704e77
push,0x57f2bb4e
pop,0x14d83110
pop,0x625ab58d
pop,0x1b4ee318
push,0x50230b5d
push,0x73d1364f
pop,0x378ac81e
push,0x0906bd5f
pop,0x5009bb5e
pop,0x3452e98b
pop,0x21bb2bcd
push,0x76f84c45
pop,0x101b8897
pop,0x5c0bb359
push,0x4ee3f9e1
push,0x0896f6f7
pop,0x70e3e469
push,0x79d4bc2b
push,0x25a7cc9e
push,0x40695295
pop,0x5f0dead0
push,0x127f5d16
push,0x1d08361b
pop,0x5bd8a433
pop,0x6f3ab9cb
pop,0x47704e77
push,0x0b6d1fff
pop,0x57f2bb4e
pop,0x50230b5d
pop,0x73d1364f
push,0x58fdcc38
pop,0x0906bd5f
pop,0x76f84c45
pop,0x4ee3f9e1
pop,0x0896f6f7
push,0x2a4d793c
pop,0x79d4bc2b
push,0x6bc2a238
push,0x332892f0
pop,0x25a7cc9e
pop,0x40695295
push,0x25819d0d
pop,0x127f5d16
pop,0x1d08361b
push,0x59aca42a
pop,0x0b6d1fff
push,0x018e6a44
pop,0x58fdcc38
pop,0x2a4d793c
pop,0x6bc2a238
pop,0x332892f0
pop,0x25819d0d
push,0x24a70d23
pop,0x59aca42a
push,0x6330bf91
pop,0x018e6a44
push,0x54f53340
pop,0x24a70d23
push,0x3f224a9f
pop,0x6330bf91
push,0x37b4d0b8
push,0x6743d1f1
pop,0x54f53340
pop,0x3f224a9f
pop,0x37b4d0b8
pop,0x6743d1f1
push,0x6a6526e6
push,0x363394cb
pop,0x6a6526e6
pop,0x363394cb
push,0x1996c2a5
push,0x720a3823
pop,0x1996c2a5
push,0x065e47e5
pop,0x720a3823
push,0x46b0f0eb
pop,0x065e47e5
pop,0x46b0f0eb
pop,0x332892f0
push,0x5cc0f9eb
pop,0x25819d0d
push,0x4a6d93df
push,0x7618f9e3
push,0x3d54f728
pop,0x7618f9e3
pop,0x3d54f728
push,0x0a642ff9
pop,0x0a642ff9
pop,0x6330bf91
push,0x02d5cad2
push,0x05f50382
pop,0x05f50382
pop,0x3f224a9f
push,0x29dc1e3e
pop,0x37b4d0b8
push,0x2735d3da
pop,0x6743d1f1
push,0x41d0c5ea
push,0x7e909c94
pop,0x7e909c94
pop,0x363394cb
push,0x71a04ec3
pop,0x1996c2a5
push,0x74761995
pop,0x720a3823
push,0x66cf1b87
push,0x507a43c3
push,0x52d3d699
pop,0x507a43c3
push,0x7a09aa73
push,0x70fe7bd9
pop,0x52d3d699
pop,0x7a09aa73
pop,0x70fe7bd9
push,0x51784034
pop,0x51784034
push,0x5008dcc8
push,0x4de684aa
push,0x17fe7ab1
push,0x59e64dfd
pop,0x5008dcc8
push,0x29b5d19a
push,0x05a5c6dd
push,0x58344a89
pop,0x4de684aa
push,0x44430f66
pop,0x17fe7ab1
push,0x0f0ee82b
pop,0x59e64dfd
pop,0x29b5d19a
pop,0x05a5c6dd
pop,0x58344a89
push,0x2144122b
push,0x64fc6886
push,0x57392304
pop,0x44430f66
pop,0x0f0ee82b
push,0x2a71c3b4
pop,0x2144122b
pop,0x64fc6886
push,0x7137d793
pop,0x57392304
push,0x3474486a
pop,0x2a71c3b4
push,0x14d7a091
push,0x6ea2c1db
push,0x7d726c70
push,0x626ed4f6
push,0x31e138c4
pop,0x7137d793
pop,0x3474486a
push,0x5cac358f
push,0x4838c841
pop,0x14d7a091
push,0x3487276b
pop,0x6ea2c1db
pop,0x7d726c70
push,0x4664c8bb
push,0x66d4a0de
pop,0x626ed4f6
pop,0x31e138c4
pop,0x5cac358f
push,0x24f73633
push,0x1b72965d
pop,0x4838c841
push,0x5eb6e02e
push,0x59822b78
pop,0x3487276b
pop,0x4664c8bb
push,0x3d5267db
pop,0x66d4a0de
pop,0x24f73633
pop,0x1b72965d
pop,0x5eb6e02e
pop,0x59822b78
push,0x786cddc1
pop,0x3d5267db
push,0x206e57c4
push,0x7c092ecc
push,0x601b9f93
push,0x407e1623
pop,0x786cddc1
push,0x1854ab39
pop,0x206e57c4
pop,0x7c092ecc
pop,0x601b9f93
push,0x5b11eec9
push,0x55b0d475
pop,0x407e1623
pop,0x1854ab39
push,0x2a3bcc7a
pop,0x5b11eec9
pop,0x55b0d475
push,0x19eff03a
pop,0x2a3bcc7a
push,0x15f91f07
pop,0x19eff03a
pop,0x15f91f07
pop,0x24f73633
push,0x319e5f7d
pop,0x1b72965d
push,0x1ddb78c1
pop,0x5eb6e02e
push,0x49f4959e
pop,0x59822b78
push,0x29966e87
pop,0x3d5267db
push,0x1fff0822
pop,0x786cddc1
push,0x4f702d01
pop,0x206e57c4
push,0x33d920ce
pop,0x7c092ecc
push,0x7d0db69a
pop,0x601b9f93
push,0x4f3f8086
pop,0x407e1623
push,0x1323acfc
pop,0x1854ab39
push,0x31276e65
push,0x6926d4a3
pop,0x6926d4a3
pop,0x55b0d475
push,0x14620bee
push,0x7239d1e1
push,0x6d79c45e
push,0x36f3b409
pop,0x7239d1e1
pop,0x6d79c45e
pop,0x36f3b409
push,0x22aeff34
push,0x19cbd7e6
push,0x2ba7edf6
pop,0x22aeff34
pop,0x19cbd7e6
pop,0x2ba7edf6
push,0x36d4b04b
pop,0x36d4b04b
pop,0x1fff0822
push,0x2ccfaf22
push,0x04eee6d6
pop,0x04eee6d6
pop,0x33d920ce
push,0x58d5e461
pop,0x7d0db69a
push,0x7d289b8d
push,0x04023af2
pop,0x04023af2
pop,0x1323acfc
push,0x19b76dd1
pop,0x31276e65
push,0x092df8c9
push,0x4bf70db4
pop,0x4bf70db4
push,0x5997883e
pop,0x5997883e
pop,0x7239d1e1
push,0x62836b08
push,0x05ff2aba
push,0x221413d4
push,0x5131a7e1
push,0x6616103a
push,0x681234a3
push,0x2329e882
push,0x51ce0e2a
pop,0x05ff2aba
push,0x2cebbfd6
pop,0x221413d4
push,0x5dee4573
push,0x4705c157
push,0x2b670295
push,0x0bc1e911
push,0x484da2f3
pop,0x5131a7e1
push,0x04ab2f7b
pop,0x6616103a
push,0x6d80c32f
pop,0x681234a3
push,0x0f45b88d
pop,0x2329e882
pop,0x51ce0e2a
pop,0x2cebbfd6
pop,0x5dee4573
pop,0x4705c157
pop,0x2b670295
push,0x4ca99ad6
push,0x64ab1778
pop,0x0bc1e911
pop,0x484da2f3
push,0x52caf240
pop,0x04ab2f7b
push,0x22f6a6d6
push,0x3ba179ae
pop,0x6d80c32f
push,0x27bd49b8
pop,0x0f45b88d
push,0x437a77b7
push,0x535f72c7
push,0x508ecd04
push,0x46a2ac46
pop,0x4ca99ad6
pop,0x64ab1778
push,0x0bf3bd3d
pop,0x52caf240
push,0x75a0edd2
pop,0x22f6a6d6
push,0x13ec652c
push,0x6ebab2ca
pop,0x3ba179ae
pop,0x27bd49b8
pop,0x437a77b7
push,0x30f2a425
push,0x2963a342
push,0x091c7876
pop,0x535f72c7
pop,0x508ecd04
pop,0x46a2ac46
pop,0x0bf3bd3d
pop,0x75a0edd2
push,0x11b42a11
pop,0x13ec652c
push,0x7bf0d92d
pop,0x6ebab2ca
push,0x58ae2461
push,0x057e2c2c
push,0x702f5bd8
pop,0x30f2a425
push,0x00fc2abc
push,0x2a5fcdff
push,0x75c176f6
push,0x2317b896
pop,0x2963a342
push,0x34b9e179
push,0x7c05ad45
push,0x60cf5afb
pop,0x091c7876
pop,0x11b42a11
push,0x56ce203b
push,0x4d472cbd
push,0x776e8241
pop,0x7bf0d92d
push,0x6c0b60d1
pop,0x58ae2461
pop,0x057e2c2c
push,0x3b8d583e
pop,0x702f5bd8
push,0x52cb4137
pop,0x00fc2abc
push,0x457ff73c
pop,0x2a5fcdff
pop,0x75c176f6
pop,0x2317b896
push,0x0d4ccbb0
pop,0x34b9e179
push,0x5bd3ffd2
push,0x3c5db535
pop,0x7c05ad45
push,0x3fd586aa
push,0x67cd87c8
push,0x0c0aad1d
pop,0x60cf5afb
push,0x5f5baa5f
push,0x1475dbbf
pop,0x56ce203b
push,0x7f29c831
pop,0x4d472cbd
push,0x7ffa4830
pop,0x776e8241
push,0x7161ffcd
pop,0x6c0b60d1
push,0x67c0da45
pop,0x3b8d583e
pop,0x52cb4137
pop,0x457ff73c
push,0x0b8d353b
pop,0x0d4ccbb0
push,0x6e838740
pop,0x5bd3ffd2
pop,0x3c5db535
push,0x1d6920c6
push,0x6b631d60
pop,0x3fd586aa
push,0x124686ab
pop,0x67cd87c8
push,0x7c632e1b
push,0x16be8ff2
pop,0x0c0aad1d
pop,0x5f5baa5f
push,0x372d7c4e
push,0x5ab8ebbe
pop,0x1475dbbf
push,0x493c72fe
pop,0x7f29c831
pop,0x7ffa4830
pop,0x7161ffcd
push,0x66032c2a
pop,0x67c0da45
pop,0x0b8d353b
pop,0x6e838740
pop,0x1d6920c6
push,0x69303000
pop,0x6b631d60
push,0x1a2921a9
push,0x3e6053af
pop,0x124686ab
pop,0x7c632e1b
push,0x6c56becb
push,0x32552b76
pop,0x16be8ff2
push,0x7d9dfa5d
push,0x3449e6a5
push,0x1a335516
pop,0x372d7c4e
push,0x167fec76
pop,0x5ab8ebbe
pop,0x493c72fe
push,0x3ed0215d
push,0x41851dd6
pop,0x66032c2a
pop,0x69303000
pop,0x1a2921a9
push,0x09dea739
pop,0x3e6053af
pop,0x6c56becb
pop,0x32552b76
pop,0x7d9dfa5d
pop,0x3449e6a5
pop,0x1a335516
push,0x7970017c
pop,0x167fec76
pop,0x3ed0215d
pop,0x41851dd6
pop,0x09dea739
pop,0x7970017c
pop,0x5ab8ebbe
push,0x7cf3fe1c
pop,0x493c72fe
push,0x48805de0
pop,0x66032c2a
push,0x28a6d8f1
push,0x0815dcda
push,0x3fe1f605
pop,0x0815dcda
pop,0x3fe1f605
push,0x0b320d76
pop,0x0b320d76
push,0x1ac53d21
push,0x19465c30
pop,0x1ac53d21
push,0x11bc2c3b
pop,0x19465c30
push,0x3772939f
push,0x41b8ca40
push,0x3259b4b3
pop,0x11bc2c3b
push,0x723baab8
push,0x72189910
push,0x7710625e
pop,0x3772939f
push,0x55874c38
pop,0x41b8ca40
pop,0x3259b4b3
pop,0x723baab8
push,0x6f61cf29
push,0x2c1b24d0
pop,0x72189910
pop,0x7710625e
push,0x5d5ceced
pop,0x55874c38
pop,0x6f61cf29
pop,0x2c1b24d0
pop,0x5d5ceced
push,0x7d12cdc3
push,0x1f706486
pop,0x7d12cdc3
push,0x66b85735
pop,0x1f706486
push,0x40140e44
pop,0x66b85735
push,0x2c794a24
push,0x1b51a70a
pop,0x40140e44
pop,0x2c794a24
pop,0x1b51a70a
push,0x5edcd8cb
push,0x3fb59247
pop,0x5edcd8cb
push,0x78199582
pop,0x3fb59247
pop,0x78199582
pop,0x723baab8
push,0x00981c80
pop,0x72189910
push,0x53365c0d
push,0x0960c3f0
pop,0x0960c3f0
pop,0x55874c38
push,0x08d7a249
pop,0x6f61cf29
push,0x545dcaff
pop,0x2c1b24d0
push,0x4c776082
pop,0x5d5ceced
push,0x680cc0a5
push,0x31597651
push,0x6cea0348
pop,0x31597651
push,0x79478fe9
push,0x072ce30a
pop,0x6cea0348
pop,0x79478fe9
pop,0x072ce30a
push,0x0eb44332
pop,0x0eb44332
push,0x41973fc1
pop,0x41973fc1
pop,0x5edcd8cb
push,0x28bb0acb
pop,0x3fb59247
push,0x039d84c1
push,0x4cfc5952
pop,0x4cfc5952
pop,0x00981c80
push,0x54c20a05
pop,0x53365c0d
push,0x63764d37
push,0x5a099696
push,0x3e79bb14
push,0x02f6fa11
pop,0x5a099696
pop,0x3e79bb14
pop,0x02f6fa11
push,0x5d7e9c99
push,0x1fae5691
pop,0x5d7e9c99
pop,0x1fae5691
push,0x07116784
push,0x1bb2583c
pop,0x07116784
push,0x1e1c71e6
pop,0x1bb2583c
push,0x04074372
push,0x3c30fb1d
pop,0x1e1c71e6
push,0x78b0962c
pop,0x04074372
pop,0x3c30fb1d
push,0x5cd4c509
push,0x7911033e
pop,0x78b0962c
push,0x66f245ba
push,0x1036b347
push,0x07be480e
pop,0x5cd4c509
pop,0x7911033e
pop,0x66f245ba
push,0x431b0134
pop,0x1036b347
pop,0x07be480e
pop,0x431b0134
pop,0x3e79bb14
push,0x655ad934
push,0x0d94ad7a
pop,0x0d94ad7a
pop,0x5d7e9c99
push,0x0c79cc09
pop,0x1fae5691
push,0x6cf46ae4
push,0x22ad0e02
push,0x1f91b9e4
push,0x3fd68b75
pop,0x22ad0e02
pop,0x1f91b9e4
push,0x33af85b4
pop,0x3fd68b75
pop,0x33af85b4
push,0x1a423290
push,0x51c0d901
pop,0x1a423290
push,0x77485f50
push,0x0ad62132
push,0x369c9313
pop,0x51c0d901
pop,0x77485f50
push,0x0361ef0d
push,0x1bd370fa
pop,0x0ad62132
pop,0x369c9313
push,0x6463143a
pop,0x0361ef0d
pop,0x1bd370fa
pop,0x6463143a
push,0x41b35ead
pop,0x41b35ead
push,0x2e195e7a
push,0x7fda377c
pop,0x2e195e7a
push,0x772296cc
push,0x7ae4c226
push,0x0031129a
push,0x41bee44e
push,0x5104a194
pop,0x7fda377c
pop,0x772296cc
push,0x47fde58f
push,0x5d86c0fd
pop,0x7ae4c226
push,0x0dc58a2d
pop,0x0031129a
pop,0x41bee44e
pop,0x5104a194
push,0x6ece3284
push,0x1e5fef96
pop,0x47fde58f
push,0x09fb47fa
pop,0x5d86c0fd
pop,0x0dc58a2d
pop,0x6ece3284
push,0x47d7fc1d
pop,0x1e5fef96
push,0x41180426
push,0x17b0231c
pop,0x09fb47fa
push,0x7cf355e1
pop,0x47d7fc1d
push,0x23aa20f5
push,0x5b42f433
pop,0x41180426
push,0x036bb0b9
push,0x77701620
pop,0x17b0231c
pop,0x7cf355e1
pop,0x23aa20f5
push,0x7f199c87
pop,0x5b42f433
push,0x7e6c3d4d
push,0x2afa1dd3
push,0x0e6d7f98
pop,0x036bb0b9
push,0x043c7849
pop,0x77701620
push,0x2689d021
pop,0x7f199c87
push,0x6b37d11e
push,0x6750da87
push,0x2c6d4424
pop,0x7e6c3d4d
push,0x1f08596f
pop,0x2afa1dd3
pop,0x0e6d7f98
push,0x07ca768c
pop,0x043c7849
push,0x438aed01
push,0x5327b77e
pop,0x2689d021
push,0x4baf07b7
pop,0x6b37d11e
push,0x79c5c16d
push,0x10b0de9f
push,0x5a6e990d
push,0x57b57000
pop,0x6750da87
pop,0x2c6d4424
pop,0x1f08596f
push,0x30dc725e
pop,0x07ca768c
push,0x7502cbd9
pop,0x438aed01
push,0x76751215
pop,0x5327b77e
pop,0x4baf07b7
push,0x4bc741c6
push,0x291412e0
pop,0x79c5c16d
push,0x545c3ebc
pop,0x10b0de9f
push,0x6b94186e
pop,0x5a6e990d
pop,0x57b57000
pop,0x30dc725e
pop,0x7502cbd9
pop,0x76751215
push,0x37729ae4
push,0x33e7a712
push,0x77ff7219
pop,0x4bc741c6
push,0x274dc38c
pop,0x291412e0
push,0x5061d66c
pop,0x545c3ebc
pop,0x6b94186e
push,0x33d53ad9
push,0x5f19ec95
pop,0x37729ae4
pop,0x33e7a712
pop,0x77ff7219
push,0x1df3adf7
pop,0x274dc38c
pop,0x5061d66c
pop,0x33d53ad9
push,0x033e602d
push,0x2105d8dc
pop,0x5f19ec95
push,0x0be898db
pop,0x1df3adf7
push,0x17ab8166
pop,0x033e602d
push,0x687b454a
push,0x2524adb2
pop,0x2105d8dc
push,0x43b89657
pop,0x0be898db
push,0x1ddb8086
pop,0x17ab8166
push,0x11f6bf85
pop,0x687b454a
push,0x6235d443
pop,0x2524adb2
push,0x033bad1f
push,0x63e65044
pop,0x43b89657
push,0x707daf03
push,0x22d5d21e
push,0x51fa1ba6
push,0x3ab1424c
pop,0x1ddb8086
pop,0x11f6bf85
push,0x4ebfdb5e
pop,0x6235d443
push,0x20003fb9
pop,0x033bad1f
pop,0x63e65044
push,0x5914b7f1
push,0x318420ed
push,0x18f5b36d
pop,0x707daf03
pop,0x22d5d21e
push,0x734ccbfa
push,0x4546e7a0
push,0x32400a0c
push,0x1e738645
push,0x2e6907b3
push,0x2808fe65
push,0x0af325a1
push,0x04c54738
pop,0x51fa1ba6
push,0x079ace76
pop,0x3ab1424c
pop,0x4ebfdb5e
push,0x5a408a5e
pop,0x20003fb9
pop,0x5914b7f1
push,0x6e96f24b
pop,0x318420ed
push,0x432a6476
push,0x07db09fc
pop,0x18f5b36d
push,0x18c79271
pop,0x734ccbfa
push,0x17e7ed01
pop,0x4546e7a0
push,0x488c687e
push,0x39d94ae2
pop,0x32400a0c
pop,0x1e738645
push,0x70f32829
pop,0x2e6907b3
push,0x47af9919
push,0x034c2c4a
pop,0x2808fe65
pop,0x0af325a1
push,0x6f9adec8
push,0x52df4ad7
pop,0x04c54738
push,0x46121b84
pop,0x079ace76
pop,0x5a408a5e
push,0x7bd25076
pop,0x6e96f24b
pop,0x432a6476
push,0x13f2b091
push,0x5f1aa091
push,0x3fc7197f
pop,0x07db09fc
push,0x7d75bb8c
pop,0x18c79271
pop,0x17e7ed01
pop,0x488c687e
pop,0x39d94ae2
push,0x15b325a9
push,0x5112ad2a
push,0x144bc3c4
pop,0x70f32829
push,0x7e16e5cc
push,0x5da4ee4e
pop,0x47af9919
push,0x26496d05
pop,0x034c2c4a
push,0x565d9f79
pop,0x6f9adec8
pop,0x52df4ad7
push,0x59afbc54
pop,0x46121b84
push,0x78ac018f
pop,0x7bd25076
push,0x76c2e75c
pop,0x13f2b091
pop,0x5f1aa091
push,0x6865d419
push,0x46ee9e9e
pop,0x3fc7197f
pop,0x7d75bb8c
pop,0x15b325a9
pop,0x5112ad2a
push,0x0484ebfd
push,0x3324768c
push,0x20a79e4c
pop,0x144bc3c4
pop,0x7e16e5cc
push,0x22b119a0
pop,0x5da4ee4e
push,0x07289266
pop,0x26496d05
push,0x1387cb09
pop,0x565d9f79
push,0x78996c32
push,0x1339953d
pop,0x59afbc54
push,0x04375dc1
push,0x05274e26
push,0x563ffc6b
pop,0x78ac018f
pop,0x76c2e75c
pop,0x6865d419
push,0x7ecf03d1
pop,0x46ee9e9e
push,0x7cd8bc66
push,0x461db5e0
push,0x77c88374
pop,0x0484ebfd
pop,0x3324768c
pop,0x20a79e4c
pop,0x22b119a0
push,0x242b110d
push,0x6c7875d6
pop,0x07289266
pop,0x1387cb09
pop,0x78996c32
pop,0x1339953d
push,0x60bf4d0e
pop,0x04375dc1
pop,0x05274e26
pop,0x563ffc6b
pop,0x7ecf03d1
pop,0x7cd8bc66
pop,0x461db5e0
pop,0x77c88374
push,0x5f8cd989
push,0x631dc1a1
push,0x7c462982
pop,0x242b110d
pop,0x6c7875d6
push,0x45271296
push,0x049e98cc
pop,0x60bf4d0e
pop,0x5f8cd989
push,0x6de45e3f
pop,0x631dc1a1
pop,0x7c462982
push,0x1ddd263f
push,0x4fd5f936
push,0x3328ad22
push,0x12b586ab
push,0x5552f416
pop,0x45271296
push,0x2e0190d6
push,0x668ed854
push,0x636d521b
push,0x318d853c
push,0x023fb776
pop,0x049e98cc
push,0x4bb1685a
pop,0x6de45e3f
pop,0x1ddd263f
pop,0x4fd5f936
push,0x392de748
push,0x7673df30
pop,0x3328ad22
push,0x4bc6d346
push,0x24b552e3
push,0x0b442b38
push,0x5b2b501e
push,0x64b843c1
pop,0x12b586ab
push,0x1645c8fd
pop,0x5552f416
push,0x339a03da
pop,0x2e0190d6
push,0x5e7b698f
pop,0x668ed854
pop,0x636d521b
pop,0x318d853c
pop,0x023fb776
push,0x7d767074
pop,0x4bb1685a
push,0x66806196
pop,0x392de748
push,0x583685f1
pop,0x7673df30
pop,0x4bc6d346
push,0x3f526d7e
push,0x10067b9a
push,0x74871f50
push,0x659a0123
pop,0x24b552e3
pop,0x0b442b38
push,0x042ee2b2
pop,0x5b2b501e
push,0x1ab3c82e
push,0x4f0c674a
pop,0x64b843c1
pop,0x1645c8fd
pop,0x339a03da
pop,0x5e7b698f
pop,0x7d767074
pop,0x66806196
push,0x3063080f
pop,0x583685f1
pop,0x3f526d7e
pop,0x10067b9a
push,0x65c300d7
pop,0x74871f50
push,0x72240902
pop,0x659a0123
pop,0x042ee2b2
push,0x7c468a66
pop,0x1ab3c82e
pop,0x4f0c674a
pop,0x3063080f
pop,0x65c300d7
pop,0x72240902
pop,0x7c468a66
pop,0x339a03da
push,0x7696fa3b
push,0x57c743a3
push,0x49eb4ca5
pop,0x57c743a3
pop,0x49eb4ca5
pop,0x66806196
push,0x7a422c79
pop,0x583685f1
push,0x6f52ded2
push,0x721d5db4
pop,0x721d5db4
push,0x0614bfbe
push,0x4d2e20ab
pop,0x0614bfbe
push,0x43c51ae6
pop,0x4d2e20ab
push,0x70423450
push,0x56d44f9d
push,0x23c42c3c
pop,0x43c51ae6
push,0x3a3c3a6c
push,0x25419edd
pop,0x70423450
pop,0x56d44f9d
pop,0x23c42c3c
push,0x278bb12d
pop,0x3a3c3a6c
push,0x073ac494
pop,0x25419edd
push,0x271401f1
pop,0x278bb12d
push,0x17563642
pop,0x073ac494
pop,0x271401f1
pop,0x17563642
pop,0x49eb4ca5
push,0x537e6ab8
pop,0x7a422c79
push,0x0f78a4b9
pop,0x6f52ded2
push,0x443d6986
push,0x75585923
push,0x1d2a92c8
pop,0x75585923
push,0x04b10a44
push,0x54210ea4
pop,0x1d2a92c8
push,0x302ab70d
push,0x006a8d41
push,0x02995bbb
pop,0x04b10a44
push,0x6338987a
push,0x20f1d920
push,0x78754b20
pop,0x54210ea4
pop,0x302ab70d
pop,0x006a8d41
pop,0x02995bbb
pop,0x6338987a
pop,0x20f1d920
push,0x15b15bd6
push,0x3da1970f
push,0x05d6dfa3
push,0x65f36c5a
push,0x2c444cab
pop,0x78754b20
push,0x0e1bca2a
push,0x5bdc4887
push,0x17e95a60
pop,0x15b15bd6
push,0x38db3380
pop,0x3da1970f
pop,0x05d6dfa3
push,0x25fcc1c8
push,0x78adfa19
push,0x11dc8fc6
push,0x6edaffba
pop,0x65f36c5a
push,0x2ccad5bc
pop,0x2c444cab
push,0x592ab289
pop,0x0e1bca2a
pop,0x5bdc4887
push,0x1ba92f1f
push,0x2a276480
pop,0x17e95a60
push,0x4210bee0
push,0x1427dabe
push,0x19045c9c
push,0x766ac250
push,0x501cee92
push,0x02207375
pop,0x38db3380
push,0x05f06f63
pop,0x25fcc1c8
pop,0x78adfa19
push,0x5f0a9e83
push,0x57ab8742
pop,0x11dc8fc6
push,0x12a98e44
pop,0x6edaffba
push,0x427ecbf8
pop,0x2ccad5bc
push,0x51aca2a2
pop,0x592ab289
pop,0x1ba92f1f
pop,0x2a276480
pop,0x4210bee0
push,0x698e46fc
pop,0x1427dabe
pop,0x19045c9c
pop,0x766ac250
push,0x576b44ed
pop,0x501cee92
push,0x1a65faa7
push,0x114e5d0c
pop,0x02207375
push,0x027f6c6e
push,0x61b1b8ff
push,0x0fbe8326
pop,0x05f06f63
push,0x1062c6f0
push,0x4bef01d7
push,0x375340e1
pop,0x5f0a9e83
push,0x02c32137
pop,0x57ab8742
push,0x2d0096d8
pop,0x12a98e44
pop,0x427ecbf8
pop,0x51aca2a2
push,0x0591eef8
pop,0x698e46fc
push,0x6f85ec76
push,0x688206f9
pop,0x576b44ed
push,0x136314d3
push,0x4d441352
pop,0x1a65faa7
push,0x075144db
pop,0x114e5d0c
pop,0x027f6c6e
pop,0x61b1b8ff
pop,0x0fbe8326
push,0x7afc5137
push,0x163cb79f
push,0x0b78347f
pop,0x1062c6f0
push,0x07103fcc
pop,0x4bef01d7
pop,0x375340e1
push,0x5d4eca7e
push,0x581693f9
pop,0x02c32137
push,0x5f67d8d4
pop,0x2d0096d8
push,0x15685be5
push,0x561392c6
pop,0x0591eef8
push,0x11cfa390
pop,0x6f85ec76
push,0x29a68613
pop,0x688206f9
pop,0x136314d3
pop,0x4d441352
pop,0x075144db
pop,0x7afc5137
push,0x257c90d0
push,0x0f997853
pop,0x163cb79f
pop,0x0b78347f
pop,0x07103fcc
pop,0x5d4eca7e
pop,0x581693f9
push,0x715a529c
pop,0x5f67d8d4
pop,0x15685be5
push,0x5bee9c15
pop,0x561392c6
pop,0x11cfa390
push,0x67f94eb0
pop,0x29a68613
push,0x24edeb6d
pop,0x257c90d0
pop,0x0f997853
pop,0x715a529c
push,0x1dc30722
push,0x7c4d0227
push,0x585b412d
pop,0x5bee9c15
push,0x3005c668
push,0x1eb1ec62
pop,0x67f94eb0
pop,0x24edeb6d
push,0x2196e79e
push,0x62ce5e15
pop,0x1dc30722
push,0x6d718efb
pop,0x7c4d0227
push,0x22a8045a
pop,0x585b412d
push,0x0f9cb2d5
push,0x2a850448
pop,0x3005c668
push,0x204076c3
pop,0x1eb1ec62
pop,0x2196e79e
pop,0x62ce5e15
push,0x1d0c8f48
push,0x16948364
push,0x6559dea9
pop,0x6d718efb
push,0x135132d3
pop,0x22a8045a
push,0x14c7915c
pop,0x0f9cb2d5
push,0x212bdb1f
push,0x22f70a17
push,0x2fd34993
push,0x71625ef7
push,0x676330a1
push,0x3da4d7d5
push,0x250371a4
pop,0x2a850448
pop,0x204076c3
push,0x12a05f3f
push,0x1319bc0f
pop,0x1d0c8f48
push,0x4cfae285
push,0x312970e5
pop,0x16948364
push,0x6352da87
pop,0x6559dea9
push,0x71c1c8c7
pop,0x135132d3
push,0x7307f695
pop,0x14c7915c
pop,0x212bdb1f
pop,0x22f70a17
push,0x4c7c95f9
pop,0x2fd34993
pop,0x71625ef7
push,0x716274c9
pop,0x676330a1
push,0x6964c97e
pop,0x3da4d7d5
push,0x5b55450d
pop,0x250371a4
push,0x3ea81f94
pop,0x12a05f3f
pop,0x1319bc0f
push,0x06cd4740
pop,0x4cfae285
pop,0x312970e5
push,0x3d98e56d
pop,0x6352da87
pop,0x71c1c8c7
push,0x62bb7d5a
pop,0x7307f695
pop,0x4c7c95f9
pop,0x716274c9
push,0x54dbaf13
push,0x3d83b699
pop,0x6964c97e
pop,0x5b55450d
pop,0x3ea81f94
push,0x586830f7
push,0x41daf025
push,0x4f1a265e
pop,0x06cd4740
pop,0x3d98e56d
push,0x62ae0b87
push,0x6a74539a
pop,0x62bb7d5a
push,0x344acb0b
push,0x373d5b36
pop,0x54dbaf13
push,0x105d258d
push,0x68c55684
pop,0x3d83b699
pop,0x586830f7
push,0x25d06e4e
pop,0x41daf025
pop,0x4f1a265e
pop,0x62ae0b87
pop,0x6a74539a
push,0x664213c0
push,0x26009e7f
push,0x73a45668
push,0x766949fb
pop,0x344acb0b
pop,0x373d5b36
push,0x0c17efdb
pop,0x105d258d
pop,0x68c55684
push,0x2ba18392
push,0x291a4dee
push,0x46dd0d52
push,0x153dd2af
pop,0x25d06e4e
pop,0x664213c0
push,0x0c19675b
pop,0x26009e7f
pop,0x73a45668
push,0x2d15ff8c
pop,0x766949fb
push,0x23d00efe
pop,0x0c17efdb
pop,0x2ba18392
push,0x3e674410
push,0x672c3435
push,0x1607846e
pop,0x291a4dee
push,0x21032ffe
push,0x3444a2f8
push,0x2af9104e
pop,0x46dd0d52
pop,0x153dd2af
push,0x27f6caa8
pop,0x0c19675b
pop,0x2d15ff8c
push,0x2e474760
pop,0x23d00efe
push,0x07f0a8e1
pop,0x3e674410
push,0x4657ecf1
push,0x05eabb54
push,0x3cfd7f4e
push,0x2b89e87b
pop,0x672c3435
push,0x016693b2
push,0x35ab36aa
pop,0x1607846e
push,0x3040d610
pop,0x21032ffe
pop,0x3444a2f8
push,0x7795cdda
pop,0x2af9104e
pop,0x27f6caa8
pop,0x2e474760
push,0x65267dc4
push,0x02b60636
pop,0x07f0a8e1
push,0x2e3feeb1
pop,0x4657ecf1
pop,0x05eabb54
push,0x4abc4afe
pop,0x3cfd7f4e
pop,0x2b89e87b
push,0x7d529c9b
push,0x7d5d294d
pop,0x016693b2
pop,0x35ab36aa
pop,0x3040d610
push,0x4323eadb
pop,0x7795cdda
pop,0x65267dc4
push,0x4b4b6a60
pop,0x02b60636
push,0x242756c7
push,0x40cc37af
pop,0x2e3feeb1
push,0x3c3bbd60
pop,0x4abc4afe
push,0x4ff855f7
push,0x14d031db
pop,0x7d529c9b
push,0x699db4e9
pop,0x7d5d294d
push,0x2cc19fc4
push,0x1edc8507
push,0x5052688f
pop,0x4323eadb
push,0x03fdf51d
push,0x03a91907
push,0x528b8c17
push,0x581f7ee9
push,0x34e9c0f9
pop,0x4b4b6a60
pop,0x242756c7
push,0x1dc745a1
push,0x23726c4f
pop,0x40cc37af
pop,0x3c3bbd60
push,0x74a70cc0
pop,0x4ff855f7
pop,0x14d031db
pop,0x699db4e9
pop,0x2cc19fc4
push,0x78b49e0e
pop,0x1edc8507
push,0x7c5db715
pop,0x5052688f
push,0x0561c9d6
push,0x6d269bbb
push,0x663395f9
push,0x144819f6
push,0x37ba8646
pop,0x03fdf51d
push,0x3ea65171
pop,0x03a91907
pop,0x528b8c17
pop,0x581f7ee9
pop,0x34e9c0f9
push,0x4ae56546
push,0x070e0882
push,0x3f4ae344
push,0x24af57da
pop,0x1dc745a1
push,0x228f2e81
pop,0x23726c4f
pop,0x74a70cc0
push,0x5d71285a
push,0x3e1ff128
pop,0x78b49e0e
push,0x5937d9b9
pop,0x7c5db715
pop,0x0561c9d6
push,0x76985b19
pop,0x6d269bbb
pop,0x663395f9
pop,0x144819f6
push,0x5088b3ad
push,0x3a6c19fb
push,0x4356fd41
pop,0x37ba8646
pop,0x3ea65171
push,0x41ef77af
push,0x50c0e5d0
push,0x7f279e45
pop,0x4ae56546
push,0x7b232e3b
pop,0x070e0882
pop,0x3f4ae344
push,0x75c22922
push,0x5bc5d31e
pop,0x24af57da
pop,0x228f2e81
push,0x42139f10
pop,0x5d71285a
pop,0x3e1ff128
push,0x3c604c5a
push,0x1103f537
push,0x4cd1116a
pop,0x5937d9b9
push,0x0082014c
pop,0x76985b19
pop,0x5088b3ad
pop,0x3a6c19fb
pop,0x4356fd41
push,0x437f651b
pop,0x41ef77af
pop,0x50c0e5d0
pop,0x7f279e45
pop,0x7b232e3b
push,0x7cad463c
pop,0x75c22922
pop,0x5bc5d31e
pop,0x42139f10
pop,0x3c604c5a
push,0x412010bc
push,0x0f67035d
pop,0x1103f537
pop,0x4cd1116a
push,0x2d72f77b
pop,0x0082014c
push,0x66c34587
push,0x6acaf442
push,0x6ff2e5d8
push,0x65a3a108
push,0x38f40ab6
push,0x433e73c7
push,0x70500289
push,0x7be3df47
push,0x5e2a8c02
pop,0x437f651b
push,0x23ea1297
push,0x2ea381d9
pop,0x7cad463c
pop,0x412010bc
pop,0x0f67035d
push,0x7324e0be
pop,0x2d72f77b
pop,0x66c34587
push,0x2c27aef5
push,0x7028d4f3
pop,0x6acaf442
push,0x6df6d958
pop,0x6ff2e5d8
push,0x685de4af
pop,0x65a3a108
pop,0x38f40ab6
pop,0x433e73c7
push,0x3164f2b3
pop,0x70500289
push,0x67240135
push,0x756f3bec
pop,0x7be3df47
push,0x4b2e095e
pop,0x5e2a8c02
pop,0x23ea1297
pop,0x2ea381d9
push,0x38bca53d
push,0x5c965e8a
pop,0x7324e0be
push,0x7eb51a4a
push,0x2ca22344
pop,0x2c27aef5
push,0x5240f42f
pop,0x7028d4f3
pop,0x6df6d958
pop,0x685de4af
pop,0x3164f2b3
push,0x6caef129
push,0x313ce3a4
pop,0x67240135
pop,0x756f3bec
pop,0x4b2e095e
push,0x06142350
push,0x2a584f71
push,0x23fc628d
push,0x58f35514
pop,0x38bca53d
pop,0x5c965e8a
pop,0x7eb51a4a
pop,0x2ca22344
pop,0x5240f42f
push,0x5972c883
pop,0x6caef129
pop,0x313ce3a4
pop,0x06142350
pop,0x2a584f71
push,0x13bbd3f6
pop,0x23fc628d
pop,0x58f35514
push,0x29ff31be
push,0x6423e7fa
pop,0x5972c883
push,0x3d173d0f
pop,0x13bbd3f6
pop,0x29ff31be
push,0x2cfc5fb9
push,0x10799457
pop,0x6423e7fa
pop,0x3d173d0f
push,0x09fa2ff9
pop,0x2cfc5fb9
push,0x677f4611
pop,0x10799457
pop,0x09fa2ff9
push,0x0ba1efe6
pop,0x677f4611
push,0x4bc97554
pop,0x0ba1efe6
push,0x2fed5d4e
push,0x1fb0b79d
push,0x30391255
pop,0x4bc97554
pop,0x2fed5d4e
pop,0x1fb0b79d
push,0x7804dc73
pop,0x30391255
push,0x1a263943
pop,0x7804dc73
pop,0x1a263943
push,0x1fb984f9
push,0x6c615df8
push,0x277a6560
pop,0x1fb984f9
pop,0x6c615df8
push,0x446c5d0c
push,0x17e75d20
pop,0x277a6560
push,0x2ec3a565
push,0x26c881d8
push,0x1fa7580d
push,0x684909f6
pop,0x446c5d0c
pop,0x17e75d20
pop,0x2ec3a565
pop,0x26c881d8
pop,0x1fa7580d
push,0x4d7fe4c2
pop,0x684909f6
pop,0x4d7fe4c2
pop,0x4bc97554
push,0x6d453488
pop,0x2fed5d4e
push,0x31b1a674
push,0x4be48c6c
pop,0x4be48c6c
pop,0x30391255
push,0x3587cc18
pop,0x7804dc73
push,0x03aa9ccb
pop,0x1a263943
push,0x6bf3a6c1
push,0x18ef11db
pop,0x18ef11db
pop,0x6c615df8
push,0x1e07ba53
push,0x5e0a6846
pop,0x5e0a6846
pop,0x446c5d0c
push,0x0d42f8d5
pop,0x17e75d20
push,0x4fdcd5f4
push,0x7e948a3c
pop,0x7e948a3c
push,0x023f2707
push,0x1bed39dd
pop,0x023f2707
push,0x34dc4bb8
pop,0x1bed39dd
push,0x0692c805
pop,0x34dc4bb8
push,0x6cc19ed2
pop,0x0692c805
push,0x5d28c0c9
push,0x51a2478e
pop,0x6cc19ed2
pop,0x5d28c0c9
pop,0x51a2478e
pop,0x3587cc18
push,0x33e1d501
push,0x4726dd04
pop,0x4726dd04
push,0x631416e1
pop,0x631416e1
pop,0x18ef11db
push,0x1e832a9f
pop,0x1e07ba53
push,0x0b44c971
pop,0x5e0a6846
push,0x403d8d59
push,0x5e874da7
push,0x3815168d
push,0x0cc7a492
push,0x5af36205
pop,0x5e874da7
pop,0x3815168d
push,0x5c9e769b
push,0x61acdd56
pop,0x0cc7a492
push,0x6005cf6b
pop,0x5af36205
push,0x61c96705
push,0x33e0ccc0
push,0x16f59950
push,0x573326a9
push,0x3f7119dc
push,0x716aa2f7
push,0x5bf3c467
push,0x4d66ea53
push,0x2b6fd66e
pop,0x5c9e769b
push,0x0d1cb3c5
push,0x34b08b61
pop,0x61acdd56
push,0x14b65acc
pop,0x6005cf6b
push,0x72fdda49
push,0x09f37399
pop,0x61c96705
pop,0x33e0ccc0
push,0x2097b41e
push,0x0eb215e3
push,0x4de817b6
pop,0x16f59950
push,0x3c1630be
pop,0x573326a9
push,0x4fb68f09
pop,0x3f7119dc
push,0x49e92c24
pop,0x716aa2f7
pop,0x5bf3c467
pop,0x4d66ea53
push,0x052767c2
push,0x615da93a
push,0x3dda6b8e
pop,0x2b6fd66e
push,0x08ce6655
pop,0x0d1cb3c5
push,0x161ef6d4
pop,0x34b08b61
push,0x2ef455e0
pop,0x14b65acc
push,0x7ef7e7b6
pop,0x72fdda49
push,0x71cfd00b
pop,0x09f37399
push,0x0a89bd1d
pop,0x2097b41e
pop,0x0eb215e3
push,0x35f455d8
push,0x53923309
pop,0x4de817b6
push,0x5f7f7e93
pop,0x3c1630be
pop,0x4fb68f09
push,0x2dc24666
push,0x713e5979
pop,0x49e92c24
pop,0x052767c2
pop,0x615da93a
push,0x0ec58cc7
push,0x56c4bde0
push,0x131d2972
pop,0x3dda6b8e
pop,0x08ce6655
pop,0x161ef6d4
push,0x4852ba57
pop,0x2ef455e0
pop,0x7ef7e7b6
pop,0x71cfd00b
push,0x5c9787c7
push,0x4a89d54c
push,0x2c79165f
pop,0x0a89bd1d
push,0x7a98d5f0
push,0x39b61c30
push,0x20f5558a
pop,0x35f455d8
pop,0x53923309
pop,0x5f7f7e93
push,0x7de46e5a
push,0x438ef424
pop,0x2dc24666
pop,0x713e5979
pop,0x0ec58cc7
push,0x29498e58
push,0x210e0a0d
pop,0x56c4bde0
push,0x687d8598
push,0x434a99ff
push,0x4928326a
pop,0x131d2972
push,0x57005e83
pop,0x4852ba57
pop,0x5c9787c7
pop,0x4a89d54c
pop,0x2c79165f
pop,0x7a98d5f0
pop,0x39b61c30
push,0x7fc4af08
pop,0x20f5558a
pop,0x7de46e5a
pop,0x438ef424
push,0x46c4248e
push,0x325c03e7
push,0x75a69de6
push,0x187ef9c1
pop,0x29498e58
pop,0x210e0a0d
pop,0x687d8598
push,0x3c615f7a
pop,0x434a99ff
push,0x7208dc52
push,0x61034d00
push,0x7dabea8a
pop,0x4928326a
push,0x6f570a57
pop,0x57005e83
pop,0x7fc4af08
push,0x4eac871d
pop,0x46c4248e
push,0x1019bf30
push,0x13424a39
pop,0x325c03e7
push,0x4f4d8cfd
pop,0x75a69de6
push,0x676ed88b
pop,0x187ef9c1
pop,0x3c615f7a
push,0x1f673286
pop,0x7208dc52
push,0x1d131d10
pop,0x61034d00
push,0x6274daa6
push,0x6da18a52
pop,0x7dabea8a
push,0x0b75e2f3
push,0x271b61f2
push,0x2f004f91
push,0x000a004c
push,0x6ec5febd
pop,0x6f570a57
push,0x38193b75
pop,0x4eac871d
pop,0x1019bf30
pop,0x13424a39
push,0x746eb290
pop,0x4f4d8cfd
pop,0x676ed88b
pop,0x1f673286
push,0x4808707c
push,0x7708c00d
push,0x201c04cd
push,0x24c494e3
push,0x052ad64f
pop,0x1d131d10
pop,0x6274daa6
pop,0x6da18a52
pop,0x0b75e2f3
push,0x6404092e
push,0x7fe35448
push,0x101c51b8
push,0x7e02d012
pop,0x271b61f2
push,0x7623b370
pop,0x2f004f91
push,0x3e2c23ec
pop,0x000a004c
pop,0x6ec5febd
push,0x7162e61f
pop,0x38193b75
push,0x16277b02
pop,0x746eb290
pop,0x4808707c
pop,0x7708c00d
pop,0x201c04cd
pop,0x24c494e3
pop,0x052ad64f
pop,0x6404092e
pop,0x7fe35448
push,0x4f35e016
push,0x211b2db3
pop,0x101c51b8
pop,0x7e02d012
push,0x0385b773
push,0x19b6f665
pop,0x7623b370
push,0x2f83bb25
push,0x0aa0a84a
push,0x5b411345
push,0x56dd18ad
pop,0x3e2c23ec
push,0x42ec432b
push,0x5591f318
push,0x1a8b32a3
push,0x2f86f902
pop,0x7162e61f
push,0x76a879ce
pop,0x16277b02
pop,0x4f35e016
pop,0x211b2db3
push,0x2cb5f0f6
push,0x039309a3
pop,0x0385b773
pop,0x19b6f665
pop,0x2f83bb25
push,0x2f6ad87a
push,0x66617160
pop,0x0aa0a84a
pop,0x5b411345
pop,0x56dd18ad
push,0x566ac9fa
pop,0x42ec432b
push,0x4d91fd59
push,0x3dbe66cd
push,0x6bfb2960
pop,0x5591f318
pop,0x1a8b32a3
push,0x7f42c757
push,0x78d1f0de
push,0x41728d02
pop,0x2f86f902
pop,0x76a879ce
pop,0x2cb5f0f6
push,0x2c6a7e08
push,0x02008f6b
pop,0x039309a3
push,0x6c291083
push,0x764977e7
push,0x580a2557
pop,0x2f6ad87a
pop,0x66617160
push,0x5108230b
push,0x7cfa9a1e
pop,0x566ac9fa
pop,0x4d91fd59
pop,0x3dbe66cd
push,0x389486f8
push,0x5ca0293e
pop,0x6bfb2960
pop,0x7f42c757
push,0x2144051b
pop,0x78d1f0de
push,0x37024ba4
push,0x4334f29d
push,0x165ae613
pop,0x41728d02
push,0x6e650b6a
push,0x65fb50e3
pop,0x2c6a7e08
push,0x47244c78
pop,0x02008f6b
push,0x536da54a
pop,0x6c291083
pop,0x764977e7
push,0x7f65965a
push,0x7cfb8f81
pop,0x580a2557
pop,0x5108230b
pop,0x7cfa9a1e
push,0x5e8b25ee
pop,0x389486f8
pop,0x5ca0293e
pop,0x2144051b
pop,0x37024ba4
push,0x1a23b6fc
push,0x7d1c2cf6
pop,0x4334f29d
pop,0x165ae613
pop,0x6e650b6a
push,0x673ab5dc
pop,0x65fb50e3
pop,0x47244c78
pop,0x536da54a
push,0x5d765b9a
pop,0x7f65965a
pop,0x7cfb8f81
pop,0x5e8b25ee
push,0x7502f4a8
pop,0x1a23b6fc
pop,0x7d1c2cf6
push,0x02d49a09
push,0x36fa7529
pop,0x673ab5dc
push,0x511e2c25
pop,0x5d765b9a
push,0x50a5c8e0
pop,0x7502f4a8
pop,0x02d49a09
push,0x3fb0d7a6
push,0x3077eb9a
pop,0x36fa7529
pop,0x511e2c25
pop,0x50a5c8e0
pop,0x3fb0d7a6
push,0x499822be
pop,0x3077eb9a
push,0x61acb427
pop,0x499822be
pop,0x61acb427
push,0x15adcfb0
pop,0x15adcfb0
push,0x66539891
pop,0x66539891
pop,0x5e8b25ee
push,0x1a66b16e
pop,0x1a23b6fc
push,0x77939d6d
pop,0x7d1c2cf6
push,0x2f60f07e
push,0x18724ef2
pop,0x18724ef2
push,0x3299329c
push,0x6dbb26d1
pop,0x3299329c
push,0x0368f682
pop,0x6dbb26d1
pop,0x0368f682
push,0x35d3e675
push,0x2aa88958
push,0x68d8702f
pop,0x35d3e675
pop,0x2aa88958
pop,0x68d8702f
push,0x34e195a5
pop,0x34e195a5
push,0x5dab9964
pop,0x5dab9964
pop,0x499822be
push,0x1f4ca74a
push,0x0d07ce1c
push,0x4121613a
push,0x7a2d53b1
pop,0x0d07ce1c
pop,0x4121613a
pop,0x7a2d53b1
pop,0x1a66b16e
push,0x0db44ab2
push,0x6e9d0d17
push,0x62e46746
pop,0x6e9d0d17
pop,0x62e46746
pop,0x18724ef2
push,0x59d15ce7
pop,0x3299329c
push,0x2d7ee2d0
push,0x4b8966e5
push,0x66692001
pop,0x4b8966e5
pop,0x66692001
push,0x047e7039
pop,0x047e7039
push,0x1f373f72
push,0x7c1de1b3
push,0x0ae78044
pop,0x1f373f72
pop,0x7c1de1b3
push,0x6f18eca0
pop,0x0ae78044
pop,0x6f18eca0
pop,0x1f4ca74a
push,0x10a71670
push,0x5bbac3cb
pop,0x5bbac3cb
push,0x75fca228
push,0x100c1120
pop,0x75fca228
pop,0x100c1120
pop,0x0db44ab2
push,0x2b331b37
pop,0x6e9d0d17
push,0x1a4c07d7
push,0x038bb55a
pop,0x038bb55a
push,0x68ce6079
pop,0x68ce6079
push,0x16833963
pop,0x16833963
push,0x0c7fdb8b
push,0x6022d64c
pop,0x0c7fdb8b
push,0x68a5920c
push,0x29654ff7
pop,0x6022d64c
push,0x6b3a5de3
push,0x02a67a33
pop,0x68a5920c
push,0x487e4eff
push,0x6a40bf17
push,0x3570719a
push,0x34bd2ed0
push,0x27ca73f1
pop,0x29654ff7
push,0x4e654da6
pop,0x6b3a5de3
push,0x0bdb404e
push,0x7444719f
push,0x65ab75b4
pop,0x02a67a33
pop,0x487e4eff
push,0x186a83cb
pop,0x6a40bf17
push,0x4ddaf566
pop,0x3570719a
pop,0x34bd2ed0
pop,0x27ca73f1
push,0x2b4d8e8a
push,0x3b36f361
push,0x7de0c55d
push,0x39c3d422
push,0x30d07fe8
pop,0x4e654da6
pop,0x0bdb404e
push,0x14936d41
push,0x7a3ee2f5
push,0x2868a7a9
pop,0x7444719f
push,0x40d32b75
pop,0x65ab75b4
pop,0x186a83cb
pop,0x4ddaf566
push,0x20b69ca7
pop,0x2b4d8e8a
pop,0x3b36f361
pop,0x7de0c55d
pop,0x39c3d422
push,0x712685d0
push,0x5cdf9f1b
pop,0x30d07fe8
pop,0x14936d41
pop,0x7a3ee2f5
pop,0x2868a7a9
push,0x318747c6
push,0x27acfb8d
pop,0x40d32b75
pop,0x20b69ca7
push,0x1ac31ae5
pop,0x712685d0
pop,0x5cdf9f1b
push,0x5590adb6
push,0x17418c8e
push,0x01d72fb1
push,0x424b758f
push,0x3bf26955
pop,0x318747c6
push,0x6ad4ad0d
pop,0x27acfb8d
pop,0x1ac31ae5
push,0x7584b1f9
push,0x44d2096e
push,0x76595134
pop,0x5590adb6
push,0x72fa3c9b
pop,0x17418c8e
push,0x147d9749
pop,0x01d72fb1
pop,0x424b758f
push,0x37bda519
push,0x0f6dfa59
push,0x75bfdecc
push,0x1831c114
pop,0x3bf26955
push,0x7eff4592
push,0x60e6c053
pop,0x6ad4ad0d
push,0x6e324eb5
push,0x1c3c5c81
pop,0x7584b1f9
pop,0x44d2096e
pop,0x76595134
push,0x003d71f2
push,0x33ec5ebc
pop,0x72fa3c9b
push,0x614972c3
pop,0x147d9749
push,0x797b33d7
pop,0x37bda519
pop,0x0f6dfa59
pop,0x75bfdecc
pop,0x1831c114
push,0x6148f8c6
pop,0x7eff4592
pop,0x60e6c053
push,0x700827ab
push,0x7213100e
pop,0x6e324eb5
push,0x2f62c20e
pop,0x1c3c5c81
push,0x18465d99
push,0x76e9d7f1
push,0x01018756
pop,0x003d71f2
push,0x4186d165
push,0x29fc2985
pop,0x33ec5ebc
push,0x14a6f27f
push,0x3f5616c5
push,0x2f5e3e70
pop,0x614972c3
pop,0x797b33d7
push,0x5169fd25
push,0x1c0cb1ef
pop,0x6148f8c6
pop,0x700827ab
pop,0x7213100e
pop,0x2f62c20e
pop,0x18465d99
pop,0x76e9d7f1
pop,0x01018756
push,0x18f1a5ac
push,0x6c9d58a6
push,0x2bf36f6c
pop,0x4186d165
pop,0x29fc2985
pop,0x14a6f27f
push,0x13630260
push,0x410b2018
pop,0x3f5616c5
pop,0x2f5e3e70
push,0x1f068155
push,0x6ca33672
pop,0x5169fd25
pop,0x1c0cb1ef
pop,0x18f1a5ac
push,0x43b26f80
push,0x67087c2c
pop,0x6c9d58a6
push,0x13264f36
push,0x1a408113
push,0x19b27d76
pop,0x2bf36f6c
push,0x0708c525
pop,0x13630260
push,0x361cea48
push,0x26f25476
push,0x4e2b94ba
pop,0x410b2018
pop,0x1f068155
push,0x7bd87433
pop,0x6ca33672
pop,0x43b26f80
push,0x397b041a
pop,0x67087c2c
pop,0x13264f36
push,0x75cae772
pop,0x1a408113
push,0x55933d09
push,0x288ac3e1
push,0x45872d11
pop,0x19b27d76
push,0x36fcbce6
push,0x3268162d
push,0x0093aae7
pop,0x0708c525
push,0x43b453d9
push,0x4a876c4c
pop,0x361cea48
push,0x04027066
push,0x5bebc66f
pop,0x26f25476
push,0x1bc3707e
pop,0x4e2b94ba
pop,0x7bd87433
pop,0x397b041a
push,0x7f843df4
pop,0x75cae772
push,0x0017e8db
push,0x43cc3cb5
pop,0x55933d09
push,0x0e53a901
push,0x0b783620
pop,0x288ac3e1
push,0x6763fc90
pop,0x45872d11
pop,0x36fcbce6
pop,0x3268162d
push,0x65d95874
push,0x503fda35
push,0x4a73ab99
pop,0x0093aae7
push,0x74380d1a
pop,0x43b453d9
pop,0x4a876c4c
push,0x36ce667b
pop,0x04027066
pop,0x5bebc66f
pop,0x1bc3707e
push,0x741b2b72
pop,0x7f843df4
pop,0x0017e8db
push,0x41829573
push,0x16a1f530
pop,0x43cc3cb5
push,0x66e1cf65
push,0x0c0e623d
push,0x437792b6
pop,0x0e53a901
pop,0x0b783620
push,0x06fd5901
push,0x745a0d68
pop,0x6763fc90
push,0x3b4edefe
pop,0x65d95874
pop,0x503fda35
push,0x76f53859
pop,0x4a73ab99
push,0x7b76e094
push,0x247d3cf6
pop,0x74380d1a
push,0x0b5f0c5b
pop,0x36ce667b
push,0x35260d9e
pop,0x741b2b72
pop,0x41829573
push,0x34956b8c
push,0x3915e40f
pop,0x16a1f530
pop,0x66e1cf65
push,0x6605ffa4
pop,0x0c0e623d
pop,0x437792b6
pop,0x06fd5901
pop,0x745a0d68
push,0x233fabd3
pop,0x3b4edefe
pop,0x76f53859
push,0x52b56130
push,0x2caaf433
push,0x2906abbd
push,0x4744577e
push,0x72202304
pop,0x7b76e094
push,0x4e859890
pop,0x247d3cf6
pop,0x0b5f0c5b
push,0x495d43e5
push,0x6c9cefb9
push,0x29e48ee3
pop,0x35260d9e
push,0x55a582d1
push,0x7eac2e8f
pop,0x34956b8c
pop,0x3915e40f
pop,0x6605ffa4
push,0x4966a504
push,0x6d39fb38
push,0x5cb8cda3
pop,0x233fabd3
pop,0x52b56130
pop,0x2caaf433
pop,0x2906abbd
pop,0x4744577e
pop,0x72202304
push,0x165e0e56
pop,0x4e859890
push,0x4e546a32
pop,0x495d43e5
pop,0x6c9cefb9
push,0x49c484b7
pop,0x29e48ee3
pop,0x55a582d1
push,0x58338433
push,0x1d83c34b
pop,0x7eac2e8f
push,0x341cf46c
push,0x1624e36b
pop,0x4966a504
pop,0x6d39fb38
pop,0x5cb8cda3
pop,0x165e0e56
pop,0x4e546a32
pop,0x49c484b7
pop,0x58338433
pop,0x1d83c34b
push,0x2c430a97
pop,0x341cf46c
pop,0x1624e36b
push,0x6d9cb3d0
pop,0x2c430a97
pop,0x6d9cb3d0
pop,0x6c9cefb9
push,0x256e7d3f
pop,0x29e48ee3
push,0x00b5bd30
push,0x4ebc51ee
pop,0x4ebc51ee
pop,0x7eac2e8f
push,0x5837f459
pop,0x4966a504
push,0x558bdada
push,0x2568e51c
pop,0x2568e51c
push,0x6d8e5731
push,0x738d5dff
pop,0x6d8e5731
push,0x677c1736
push,0x114db793
pop,0x738d5dff
push,0x073cbbab
pop,0x677c1736
pop,0x114db793
push,0x76908fda
pop,0x073cbbab
push,0x78f09827
pop,0x76908fda
push,0x6951a8ae
pop,0x78f09827
push,0x31b288ab
pop,0x6951a8ae
pop,0x31b288ab
pop,0x6d9cb3d0
push,0x23318918
push,0x1ac518bb
push,0x51e3b191
push,0x71fae7f4
push,0x66009fed
push,0x25afa2ca
push,0x1235c8d2
push,0x1041f1a5
pop,0x1ac518bb
push,0x26e6b425
pop,0x51e3b191
pop,0x71fae7f4
pop,0x66009fed
pop,0x25afa2ca
pop,0x1235c8d2
pop,0x1041f1a5
pop,0x26e6b425
push,0x1c074a58
pop,0x1c074a58
pop,0x114db793
push,0x13766571
push,0x25ac2e43
pop,0x25ac2e43
push,0x52083a4b
push,0x481a53e8
pop,0x52083a4b
pop,0x481a53e8
pop,0x6951a8ae
push,0x29a2bc73
pop,0x31b288ab
push,0x7b653aa1
push,0x32d886a6
pop,0x32d886a6
push,0x6075b0b2
pop,0x6075b0b2
pop,0x51e3b191
push,0x68d1389a
pop,0x71fae7f4
push,0x3ad972e5
push,0x440f05b4
pop,0x440f05b4
pop,0x25afa2ca
push,0x67419ca0
push,0x4664439b
push,0x59478cf9
push,0x6eccb069
push,0x4e033144
push,0x1773e917
pop,0x4664439b
pop,0x59478cf9
push,0x51ec3e70
pop,0x6eccb069
push,0x7fad5a6a
push,0x49d752d6
pop,0x4e033144
push,0x09c355be
push,0x7b19c75a
push,0x479bff7a
pop,0x1773e917
pop,0x51ec3e70
pop,0x7fad5a6a
push,0x3763568b
push,0x646c06ff
push,0x725ed761
push,0x2f57195a
push,0x338c62f3
push,0x49eec0f4
push,0x131e8854
push,0x6314fee3
pop,0x49d752d6
push,0x1a4d1211
pop,0x09c355be
push,0x1566d96c
pop,0x7b19c75a
push,0x3736fa37
pop,0x479bff7a
push,0x57a9a55c
pop,0x3763568b
pop,0x646c06ff
push,0x646b99a1
pop,0x725ed761
push,0x4ea45389
push,0x003302bb
push,0x17a0003c
pop,0x2f57195a
pop,0x338c62f3
pop,0x49eec0f4
pop,0x131e8854
push,0x650db073
push,0x45fa24e1
pop,0x6314fee3
push,0x132c55f6
push,0x7e47c0d9
pop,0x1a4d1211
push,0x401c7d43
push,0x03ebb957
push,0x041ebc13
push,0x22e546c5
pop,0x1566d96c
push,0x0101649a
pop,0x3736fa37
pop,0x57a9a55c
pop,0x646b99a1
push,0x4fabdfa0
pop,0x4ea45389
pop,0x003302bb
push,0x2b190bd3
push,0x428fd92b
pop,0x17a0003c
push,0x0a7e502c
push,0x0e6a0984
pop,0x650db073
pop,0x45fa24e1
pop,0x132c55f6
pop,0x7e47c0d9
push,0x031b01d8
pop,0x401c7d43
pop,0x03ebb957
push,0x1c7e8604
pop,0x041ebc13
push,0x4d04db1f
push,0x07f808fe
pop,0x22e546c5
pop,0x0101649a
pop,0x4fabdfa0
pop,0x2b190bd3
push,0x03c2d0e1
push,0x062007b1
push,0x743e8e9f
pop,0x428fd92b
push,0x72cb9a91
pop,0x0a7e502c
push,0x65fd323e
pop,0x0e6a0984
pop,0x031b01d8
pop,0x1c7e8604
push,0x35742034
pop,0x4d04db1f
pop,0x07f808fe
push,0x59666b40
pop,0x03c2d0e1
push,0x615e743e
push,0x5cef11bf
push,0x6ac38821
push,0x5f0216c0
push,0x51408876
pop,0x062007b1
push,0x0074789f
push,0x65167524
pop,0x743e8e9f
push,0x453d27b1
push,0x5a0cffbb
push,0x33736afc
pop,0x72cb9a91
pop,0x65fd323e
push,0x390abc44
pop,0x35742034
push,0x4771aeba
pop,0x59666b40
push,0x323536db
push,0x124ce5e9
pop,0x615e743e
pop,0x5cef11bf
push,0x6401e6fe
push,0x49185c22
pop,0x6ac38821
push,0x49403ec1
pop,0x5f0216c0
pop,0x51408876
pop,0x0074789f
pop,0x65167524
pop,0x453d27b1
push,0x1eaf074d
pop,0x5a0cffbb
pop,0x33736afc
pop,0x390abc44
push,0x66134e9d
pop,0x4771aeba
pop,0x323536db
push,0x5eeb6d3e
pop,0x124ce5e9
push,0x586a6a85
pop,0x6401e6fe
pop,0x49185c22
pop,0x49403ec1
pop,0x1eaf074d
push,0x25d11e76
push,0x59e232b9
pop,0x66134e9d
pop,0x5eeb6d3e
push,0x3c31da40
push,0x1c275918
pop,0x586a6a85
pop,0x25d11e76
pop,0x59e232b9
pop,0x3c31da40
pop,0x1c275918
pop,0x33736afc
push,0x606a05fd
push,0x46a2acae
pop,0x46a2acae
pop,0x4771aeba
push,0x215f7c34
push,0x7e0c839c
pop,0x7e0c839c
pop,0x124ce5e9
push,0x2b502a2e
pop,0x6401e6fe
push,0x4e6c05ea
pop,0x49185c22
push,0x04d1341d
pop,0x49403ec1
push,0x389e8d0a
pop,0x1eaf074d
push,0x6bb504dc
push,0x077e6d93
push,0x67f398d0
push,0x14694257
pop,0x077e6d93
push,0x3fb96c86
push,0x66e24ea5
push,0x3f7d45c3
pop,0x67f398d0
pop,0x14694257
push,0x329dcdc8
pop,0x3fb96c86
pop,0x66e24ea5
pop,0x3f7d45c3
push,0x2a01455a
push,0x750ecb1a
push,0x1f474544
push,0x3178a8a9
pop,0x329dcdc8
pop,0x2a01455a
pop,0x750ecb1a
push,0x66e236ee
pop,0x1f474544
pop,0x3178a8a9
pop,0x66e236ee
pop,0x4e6c05ea
push,0x08955d11
pop,0x04d1341d
push,0x74835bcb
push,0x699226e5
push,0x0edc9561
push,0x350f2076
push,0x5771ee83
push,0x0e96b21b
push,0x59d33299
push,0x53a27e5f
pop,0x699226e5
push,0x5986f8c7
pop,0x0edc9561
pop,0x350f2076
pop,0x5771ee83
pop,0x0e96b21b
push,0x5bebd6ff
pop,0x59d33299
pop,0x53a27e5f
push,0x3a0159af
push,0x64188816
push,0x3b8a7699
pop,0x5986f8c7
pop,0x5bebd6ff
push,0x71b53b83
push,0x1fd97dcc
pop,0x3a0159af
pop,0x64188816
push,0x7d881c10
pop,0x3b8a7699
pop,0x71b53b83
push,0x110fa6d8
pop,0x1fd97dcc
pop,0x7d881c10
push,0x3d6ab0a2
push,0x776c0a52
pop,0x110fa6d8
pop,0x3d6ab0a2
push,0x5f3d1b4d
pop,0x776c0a52
pop,0x5f3d1b4d
push,0x3b470374
pop,0x3b470374
pop,0x0e96b21b
push,0x02ca2c3d
push,0x3bfbe50c
pop,0x3bfbe50c
push,0x4b7fa9f9
push,0x65f8abdf
push,0x249c6509
pop,0x4b7fa9f9
push,0x107d6938
push,0x12571dfb
pop,0x65f8abdf
pop,0x249c6509
pop,0x107d6938
pop,0x12571dfb
pop,0x3b8a7699
push,0x4a7f41fb
push,0x7d20cec5
push,0x500abd94
push,0x677546c8
pop,0x7d20cec5
pop,0x500abd94
pop,0x677546c8
push,0x27b4e6bc
pop,0x27b4e6bc
push,0x38324ff4
pop,0x38324ff4
pop,0x776c0a52
push,0x5a4d9707
push,0x0bbd3627
pop,0x0bbd3627
push,0x142e18a0
push,0x6843bff9
push,0x36e46c73
pop,0x142e18a0
pop,0x6843bff9
push,0x01face66
pop,0x36e46c73
push,0x542e4f04
pop,0x01face66
pop,0x542e4f04
push,0x15605d06
push,0x2d896427
pop,0x15605d06
pop,0x2d896427
push,0x096d3759
pop,0x096d3759
push,0x101a2b12
pop,0x101a2b12
push,0x448937eb
push,0x5c7e3acf
pop,0x448937eb
pop,0x5c7e3acf
push,0x3779fe6f
pop,0x3779fe6f
push,0x6cf324c4
pop,0x6cf324c4
push,0x4a2131d6
pop,0x4a2131d6
push,0x5f818edc
pop,0x5f818edc
push,0x46a0d120
push,0x05e929a9
pop,0x46a0d120
push,0x262c4933
pop,0x05e929a9
push,0x7aa5e7e0
pop,0x262c4933
pop,0x7aa5e7e0
push,0x7b2e201e
push,0x5bae258a
push,0x25cf5760
pop,0x7b2e201e
push,0x0550e63c
push,0x7abbc407
pop,0x5bae258a
pop,0x25cf5760
pop,0x0550e63c
push,0x4c989ace
push,0x6df369de
push,0x38fc2931
pop,0x7abbc407
pop,0x4c989ace
pop,0x6df369de
push,0x78ed4bef
pop,0x38fc2931
push,0x59d50383
pop,0x78ed4bef
push,0x09aec542
push,0x55a07c9f
pop,0x59d50383
pop,0x09aec542
pop,0x55a07c9f
pop,0x46a0d120
push,0x1c113955
pop,0x05e929a9
push,0x34ee255e
push,0x681d0760
push,0x7b0e6387
pop,0x681d0760
pop,0x7b0e6387
push,0x7a415c89
pop,0x7a415c89
push,0x50bff599
pop,0x50bff599
pop,0x25cf5760
push,0x73d99d77
push,0x5ae6acb4
pop,0x5ae6acb4
pop,0x7abbc407
push,0x03d80de3
push,0x6bf51543
push,0x62f3eef6
push,0x60e2b498
push,0x56366d04
pop,0x6bf51543
push,0x5077c98d
push,0x6541cb9f
push,0x08c51fbd
pop,0x62f3eef6
pop,0x60e2b498
pop,0x56366d04
push,0x5019d65e
pop,0x5077c98d
push,0x20bec6dc
push,0x04c73af2
pop,0x6541cb9f
pop,0x08c51fbd
pop,0x5019d65e
push,0x5f24b231
pop,0x20bec6dc
push,0x245178c4
pop,0x04c73af2
pop,0x5f24b231
push,0x211a525c
pop,0x245178c4
push,0x434a2347
pop,0x211a525c
pop,0x434a2347
push,0x3b4c3a02
push,0x3e9a2020
pop,0x3b4c3a02
pop,0x3e9a2020
push,0x513a763e
pop,0x513a763e
push,0x2ea61eaf
push,0x1ab94e56
push,0x02ad0bfa
push,0x4274050c
push,0x6ca508c6
pop,0x2ea61eaf
push,0x5e9ebfc0
push,0x287b1231
push,0x17d7431d
push,0x5e1cafb0
pop,0x1ab94e56
pop,0x02ad0bfa
push,0x14b6cff4
push,0x0ea8922c
pop,0x4274050c
pop,0x6ca508c6
pop,0x5e9ebfc0
pop,0x287b1231
push,0x3c5d2b70
push,0x6109ae90
pop,0x17d7431d
pop,0x5e1cafb0
push,0x360bae1e
pop,0x14b6cff4
push,0x1c16eb48
pop,0x0ea8922c
pop,0x3c5d2b70
push,0x34dae86c
push,0x4991b860
pop,0x6109ae90
push,0x358eac7d
push,0x698fe8b3
pop,0x360bae1e
push,0x75f20498
push,0x4749cee2
push,0x64bf6635
pop,0x1c16eb48
pop,0x34dae86c
pop,0x4991b860
push,0x137d595f
push,0x532365f7
push,0x7e161bd4
pop,0x358eac7d
pop,0x698fe8b3
pop,0x75f20498
pop,0x4749cee2
pop,0x64bf6635
pop,0x137d595f
push,0x3a5e9029
pop,0x532365f7
pop,0x7e161bd4
pop,0x3a5e9029
push,0x723c6bb5
push,0x664f1a52
pop,0x723c6bb5
pop,0x664f1a52
pop,0x6109ae90
push,0x2d71200b
pop,0x360bae1e
push,0x2ce26974
push,0x64d9a7f9
pop,0x64d9a7f9
push,0x539632be
pop,0x539632be
push,0x03782336
push,0x19b77713
push,0x072a48b4
push,0x1222e3a0
pop,0x03782336
push,0x7db34c07
pop,0x19b77713
pop,0x072a48b4
push,0x51e913db
pop,0x1222e3a0
push,0x3a827b11
push,0x609b7ee7
push,0x2236f9ec
pop,0x7db34c07
push,0x44c64232
pop,0x51e913db
pop,0x3a827b11
pop,0x609b7ee7
push,0x6ecae9d1
push,0x313fd377
push,0x0396b959
push,0x30bcc31b
pop,0x2236f9ec
push,0x07a9b602
push,0x3d285208
push,0x60b53b9e
push,0x2fa29fa7
pop,0x44c64232
push,0x56350c3f
pop,0x6ecae9d1
push,0x378c7131
push,0x6a134115
push,0x5c9ecb16
push,0x0dde9e8d
pop,0x313fd377
pop,0x0396b959
pop,0x30bcc31b
push,0x3d2f59d6
push,0x3d49168d
pop,0x07a9b602
push,0x3008cd7a
push,0x32e53f6e
pop,0x3d285208
push,0x091a4bae
push,0x2ed09acc
pop,0x60b53b9e
pop,0x2fa29fa7
pop,0x56350c3f
pop,0x378c7131
push,0x4fb3de15
pop,0x6a134115
pop,0x5c9ecb16
push,0x207fb795
pop,0x0dde9e8d
push,0x3ff3bbff
push,0x5b4dab8a
push,0x50b65b7f
push,0x5e2f178d
push,0x66ec0f7e
push,0x498babfb
push,0x7777e5e9
pop,0x3d2f59d6
pop,0x3d49168d
push,0x3c3dff93
pop,0x3008cd7a
pop,0x32e53f6e
pop,0x091a4bae
push,0x5a08742b
pop,0x2ed09acc
pop,0x4fb3de15
push,0x727e3af6
push,0x1f1c3eaa
push,0x5a7f0f70
pop,0x207fb795
pop,0x3ff3bbff
pop,0x5b4dab8a
pop,0x50b65b7f
push,0x5ecf3d6e
push,0x57b3b8c3
push,0x000cdfcd
push,0x5c5c6bd2
push,0x7ff1bd0e
pop,0x5e2f178d
push,0x00c58e7f
push,0x601767ca
pop,0x66ec0f7e
push,0x3caf42b5
pop,0x498babfb
push,0x083d1632
pop,0x7777e5e9
pop,0x3c3dff93
push,0x56cde2d4
push,0x461210fe
pop,0x5a08742b
push,0x4d7e02be
pop,0x727e3af6
push,0x71c259bb
pop,0x1f1c3eaa
push,0x1668e26e
pop,0x5a7f0f70
pop,0x5ecf3d6e
push,0x58e2c91f
pop,0x57b3b8c3
pop,0x000cdfcd
push,0x60323fd5
push,0x176d0c66
pop,0x5c5c6bd2
pop,0x7ff1bd0e
pop,0x00c58e7f
push,0x049d2652
pop,0x601767ca
push,0x1ef8488f
pop,0x3caf42b5
pop,0x083d1632
pop,0x56cde2d4
push,0x1eb5a62e
pop,0x461210fe
pop,0x4d7e02be
pop,0x71c259bb
push,0x3e2967a0
pop,0x1668e26e
push,0x66d44b1e
pop,0x58e2c91f
push,0x7e415784
push,0x504498ac
pop,0x60323fd5
push,0x38069582
pop,0x176d0c66
pop,0x049d2652
push,0x2e1124ac
push,0x60108ddc
pop,0x1ef8488f
pop,0x1eb5a62e
push,0x6b804bc1
pop,0x3e2967a0
push,0x50c6ea42
pop,0x66d44b1e
pop,0x7e415784
push,0x65a66eca
push,0x1dfb2807
push,0x193cbfc0
push,0x4abc116c
pop,0x504498ac
push,0x4ead473c
pop,0x38069582
pop,0x2e1124ac
pop,0x60108ddc
push,0x68451af3
pop,0x6b804bc1
push,0x3c10a2ea
push,0x1476450f
push,0x33b22b9e
push,0x3c4bf50b
push,0x23b00df9
pop,0x50c6ea42
push,0x6e6c1f65
push,0x14e8a5ba
push,0x2c4ed9ef
push,0x4c005a58
pop,0x65a66eca
pop,0x1dfb2807
push,0x79a99824
pop,0x193cbfc0
pop,0x4abc116c
pop,0x4ead473c
pop,0x68451af3
pop,0x3c10a2ea
pop,0x1476450f
push,0x4190b93d
pop,0x33b22b9e
pop,0x3c4bf50b
pop,0x23b00df9
pop,0x6e6c1f65
push,0x77a7e997
push,0x00f2b2d0
pop,0x14e8a5ba
push,0x2cfe717c
pop,0x2c4ed9ef
push,0x053da94a
push,0x2fd8ede2
push,0x6f2dbdb6
pop,0x4c005a58
pop,0x79a99824
pop,0x4190b93d
push,0x624e37f6
pop,0x77a7e997
pop,0x00f2b2d0
push,0x0f041a1b
push,0x0929564e
push,0x59f65e5b
pop,0x2cfe717c
pop,0x053da94a
push,0x5b2b4e14
pop,0x2fd8ede2
pop,0x6f2dbdb6
pop,0x624e37f6
push,0x283fac35
pop,0x0f041a1b
push,0x2724c1e2
pop,0x0929564e
push,0x0972f9d9
push,0x32f313e7
pop,0x59f65e5b
push,0x3296a475
push,0x507fa410
push,0x59a8fa5e
push,0x10c04839
push,0x42e57382
push,0x6b251fb7
pop,0x5b2b4e14
push,0x18eb5845
pop,0x283fac35
push,0x1b5bbc4b
push,0x67563f6c
push,0x0b3c0208
pop,0x2724c1e2
pop,0x0972f9d9
pop,0x32f313e7
pop,0x3296a475
push,0x2d7e3e70
pop,0x507fa410
pop,0x59a8fa5e
push,0x6f1a8b04
pop,0x10c04839
push,0x2fcbedb5
pop,0x42e57382
pop,0x6b251fb7
push,0x259a5cbf
push,0x37831f31
pop,0x18eb5845
pop,0x1b5bbc4b
pop,0x67563f6c
push,0x30f805d6
pop,0x0b3c0208
push,0x1142040e
push,0x4b34fca5
pop,0x2d7e3e70
push,0x0f7b45dd
pop,0x6f1a8b04
pop,0x2fcbedb5
push,0x6e125f96
pop,0x259a5cbf
push,0x3f78fcaf
pop,0x37831f31
pop,0x30f805d6
push,0x2e19174e
push,0x65cb9b81
pop,0x1142040e
pop,0x4b34fca5
pop,0x0f7b45dd
push,0x341a7d10
push,0x14d7270c
pop,0x6e125f96
push,0x522435c4
push,0x1eb7cc59
push,0x11fa7eb4
pop,0x3f78fcaf
push,0x6626a686
push,0x3fb12165
pop,0x2e19174e
pop,0x65cb9b81
push,0x2c04028d
push,0x2535738e
push,0x39b4b7eb
pop,0x341a7d10
pop,0x14d7270c
push,0x43b001df
push,0x28061ac4
pop,0x522435c4
push,0x46bde71d
pop,0x1eb7cc59
push,0x6d6b90f4
push,0x14371340
pop,0x11fa7eb4
pop,0x6626a686
push,0x41b26d58
pop,0x3fb12165
push,0x102612a7
push,0x47bbd618
pop,0x2c04028d
pop,0x2535738e
push,0x2422bfc4
push,0x6db27803
pop,0x39b4b7eb
pop,0x43b001df
pop,0x28061ac4
pop,0x46bde71d
pop,0x6d6b90f4
pop,0x14371340
pop,0x41b26d58
push,0x3f8e5940
pop,0x102612a7
push,0x6aca069e
pop,0x47bbd618
push,0x0c4a0d22
push,0x1b216c1b
pop,0x2422bfc4
push,0x5e3e29f1
pop,0x6db27803
pop,0x3f8e5940
push,0x50117ddd
push,0x25dd6293
push,0x3286a9f0
pop,0x6aca069e
pop,0x0c4a0d22
push,0x106a1528
push,0x7a745114
pop,0x1b216c1b
pop,0x5e3e29f1
pop,0x50117ddd
pop,0x25dd6293
push,0x13eef3f1
push,0x3fea35e8
push,0x06b6bf3c
pop,0x3286a9f0
pop,0x106a1528
push,0x56c61631
push,0x6aca90e6
pop,0x7a745114
pop,0x13eef3f1
pop,0x3fea35e8
push,0x1b0cc6f6
pop,0x06b6bf3c
push,0x64277fcd
pop,0x56c61631
pop,0x6aca90e6
pop,0x1b0cc6f6
push,0x2bdf2043
pop,0x64277fcd
push,0x17747364
push,0x641f14a4
pop,0x2bdf2043
push,0x4d968013
pop,0x17747364
pop,0x641f14a4
pop,0x4d968013
pop,0x50117ddd
push,0x2671fd04
push,0x4f87d113
push,0x5ea571fc
push,0x42ccf1c9
push,0x2e1bf5cc
pop,0x4f87d113
pop,0x5ea571fc
push,0x78b6d21a
push,0x5cd5e6bf
pop,0x42ccf1c9
push,0x25ab1d69
pop,0x2e1bf5cc
pop,0x78b6d21a
push,0x7bae9c03
push,0x6a229d5c
pop,0x5cd5e6bf
pop,0x25ab1d69
push,0x0a24654b
pop,0x7bae9c03
push,0x00874464
push,0x4fd48100
pop,0x6a229d5c
pop,0x0a24654b
push,0x31d2ad0b
pop,0x00874464
push,0x1a1be0b1
pop,0x4fd48100
push,0x67f951e9
pop,0x31d2ad0b
push,0x5b2fff6e
push,0x07a8e102
push,0x1ff0f8f2
push,0x70e780bc
push,0x40bc01bc
push,0x012d92fb
push,0x657cdec2
push,0x3b3bb3fc
pop,0x1a1be0b1
pop,0x67f951e9
push,0x2b99f400
push,0x63c88f20
pop,0x5b2fff6e
pop,0x07a8e102
push,0x564a0992
push,0x3761f82e
push,0x5bfeee85
push,0x00fe4725
push,0x35be9d78
push,0x4a0a05c3
pop,0x1ff0f8f2
push,0x2f86e485
pop,0x70e780bc
pop,0x40bc01bc
push,0x5ba197c0
push,0x47c1c38b
pop,0x012d92fb
pop,0x657cdec2
push,0x58df0729
push,0x5cfa2229
pop,0x3b3bb3fc
push,0x51fcbde5
push,0x598d1aff
pop,0x2b99f400
push,0x531e0548
pop,0x63c88f20
push,0x122ee378
pop,0x564a0992
push,0x002a4d5f
pop,0x3761f82e
push,0x76fd7110
pop,0x5bfeee85
pop,0x00fe4725
push,0x21f36c15
pop,0x35be9d78
pop,0x4a0a05c3
pop,0x2f86e485
push,0x05d83ff8
push,0x12233446
push,0x187ebc27
pop,0x5ba197c0
push,0x71f83173
push,0x2fd291a5
pop,0x47c1c38b
push,0x428fabc1
pop,0x58df0729
push,0x793f9be5
pop,0x5cfa2229
push,0x4a42770c
pop,0x51fcbde5
pop,0x598d1aff
push,0x36f4d339
pop,0x531e0548
pop,0x122ee378
pop,0x002a4d5f
push,0x048bf64c
push,0x57981a30
push,0x101419cc
push,0x4a8e4ab4
pop,0x76fd7110
pop,0x21f36c15
pop,0x05d83ff8
pop,0x12233446
push,0x1439b8f5
push,0x2b391161
push,0x21b49d4d
push,0x766e01f4
pop,0x187ebc27
push,0x7af9f840
pop,0x71f83173
pop,0x2fd291a5
push,0x4fb74d7e
push,0x2fff1d6c
pop,0x428fabc1
push,0x46588728
pop,0x793f9be5
push,0x72e57f92
pop,0x4a42770c
push,0x00717dee
pop,0x36f4d339
push,0x70669012
pop,0x048bf64c
pop,0x57981a30
push,0x64faa586
pop,0x101419cc
pop,0x4a8e4ab4
push,0x0fc0c2f8
push,0x7993ad26
pop,0x1439b8f5
pop,0x2b391161
push,0x702af71f
push,0x71637afb
push,0x0286b11b
pop,0x21b49d4d
pop,0x766e01f4
pop,0x7af9f840
pop,0x4fb74d7e
push,0x5d2235ad
pop,0x2fff1d6c
push,0x6a27a771
pop,0x46588728
push,0x63bb5497
push,0x6401879a
pop,0x72e57f92
pop,0x00717dee
pop,0x70669012
push,0x5a9a0877
pop,0x64faa586
push,0x75731256
push,0x798eddc9
push,0x78538c8f
pop,0x0fc0c2f8
push,0x19922d8e
pop,0x7993ad26
push,0x42a3a9fc
pop,0x702af71f
push,0x24ea59d0
pop,0x71637afb
pop,0x0286b11b
pop,0x5d2235ad
pop,0x6a27a771
pop,0x63bb5497
push,0x73856d0b
push,0x7212daff
push,0x64f3ec8e
push,0x5586d33b
push,0x5aabc4fe
push,0x45ca1440
push,0x1265d077
pop,0x6401879a
push,0x09d0ec6a
pop,0x5a9a0877
push,0x02604a9e
pop,0x75731256
push,0x71e124d6
pop,0x798eddc9
push,0x56d51164
pop,0x78538c8f
pop,0x19922d8e
pop,0x42a3a9fc
push,0x0cbd5c11
pop,0x24ea59d0
pop,0x73856d0b
push,0x188793fd
push,0x5cbf3e38
pop,0x7212daff
pop,0x64f3ec8e
push,0x175f1bcc
push,0x178ac94c
push,0x096bee22
pop,0x5586d33b
pop,0x5aabc4fe
push,0x2e0bf2c5
pop,0x45ca1440
pop,0x1265d077
push,0x04df9c25
push,0x47dcef77
push,0x7abc85b1
pop,0x09d0ec6a
pop,0x02604a9e
pop,0x71e124d6
pop,0x56d51164
push,0x2c49cbf3
pop,0x0cbd5c11
pop,0x188793fd
pop,0x5cbf3e38
pop,0x175f1bcc
push,0x3f7737b1
pop,0x178ac94c
push,0x07542728
pop,0x096bee22
push,0x1a9c282d
push,0x0320272a
push,0x48636460
pop,0x2e0bf2c5
push,0x5d4e1487
push,0x584014ab
push,0x3a350abf
push,0x24ec2121
pop,0x04df9c25
push,0x11300cc8
pop,0x47dcef77
push,0x0bb718f0
pop,0x7abc85b1
push,0x0559a58b
pop,0x2c49cbf3
push,0x120df5ee
push,0x2e2b459e
push,0x45c407ea
pop,0x3f7737b1
push,0x3fa42bbf
pop,0x07542728
pop,0x1a9c282d
pop,0x0320272a
pop,0x48636460
push,0x6454c2f3
pop,0x5d4e1487
pop,0x584014ab
pop,0x3a350abf
pop,0x24ec2121
push,0x05405e2d
push,0x24d044d0
push,0x65307d13
push,0x67a8d4ba
push,0x74f2aa76
pop,0x11300cc8
pop,0x0bb718f0
pop,0x0559a58b
push,0x45b2422c
push,0x44f44204
pop,0x120df5ee
pop,0x2e2b459e
pop,0x45c407ea
push,0x22b184d5
pop,0x3fa42bbf
pop,0x6454c2f3
push,0x7412c021
push,0x56e2faee
push,0x26d30e98
pop,0x05405e2d
push,0x09b7c320
push,0x7eaa6d97
push,0x50408f82
push,0x76f917cd
push,0x4494a0b4
pop,0x24d044d0
pop,0x65307d13
push,0x6869238e
push,0x1176812c
pop,0x67a8d4ba
pop,0x74f2aa76
pop,0x45b2422c
pop,0x44f44204
push,0x3a06b11e
push,0x42ae8a44
pop,0x22b184d5
pop,0x7412c021
pop,0x56e2faee
push,0x5e962444
pop,0x26d30e98
push,0x168cfc76
push,0x106942e0
pop,0x09b7c320
push,0x0d8f7130
push,0x3d10c073
push,0x4a0c0ca8
pop,0x7eaa6d97
pop,0x50408f82
push,0x4e8e71af
push,0x4377b536
push,0x2729c7a3
pop,0x76f917cd
push,0x05bfebe7
pop,0x4494a0b4
pop,0x6869238e
push,0x5c015179
pop,0x1176812c
push,0x2baac6e6
pop,0x3a06b11e
pop,0x42ae8a44
pop,0x5e962444
pop,0x168cfc76
push,0x51ed881f
push,0x5b845bec
pop,0x106942e0
pop,0x0d8f7130
pop,0x3d10c073
push,0x01e89a66
push,0x55de9bce
push,0x0084d1fb
pop,0x4a0c0ca8
pop,0x4e8e71af
pop,0x4377b536
pop,0x2729c7a3
pop,0x05bfebe7
push,0x6d70f9d5
push,0x35bb25a1
pop,0x5c015179
pop,0x2baac6e6
push,0x7b7ce6e5
pop,0x51ed881f
push,0x570142d2
pop,0x5b845bec
pop,0x01e89a66
push,0x3aad3dd3
push,0x448d93a0
push,0x61a88edd
push,0x6995e61e
pop,0x55de9bce
push,0x412be3e5
pop,0x0084d1fb
push,0x7562a5a4
push,0x4a0e41b8
pop,0x6d70f9d5
push,0x7fc9675a
push,0x1082bde4
push,0x4cd78306
push,0x4e28172a
pop,0x35bb25a1
pop,0x7b7ce6e5
pop,0x570142d2
push,0x01af5b9a
pop,0x3aad3dd3
push,0x4545332d
push,0x1bf7d384
push,0x5a5b52fe
push,0x2d0f09c2
pop,0x448d93a0
push,0x771d4b7b
pop,0x61a88edd
pop,0x6995e61e
push,0x1c8eff8a
push,0x108b1617
pop,0x412be3e5
push,0x7997fc18
pop,0x7562a5a4
pop,0x4a0e41b8
pop,0x7fc9675a
pop,0x1082bde4
pop,0x4cd78306
pop,0x4e28172a
push,0x4d1eb1a2
push,0x1ea7f21e
pop,0x01af5b9a
push,0x17711867
pop,0x4545332d
pop,0x1bf7d384
pop,0x5a5b52fe
pop,0x2d0f09c2
pop,0x771d4b7b
pop,0x1c8eff8a
pop,0x108b1617
push,0x6bb3b80e
pop,0x7997fc18
push,0x01de8253
pop,0x4d1eb1a2
pop,0x1ea7f21e
push,0x38b3d1b6
pop,0x17711867
push,0x79bd551f
pop,0x6bb3b80e
push,0x1c0a7cb5
pop,0x01de8253
push,0x423ea7e0
push,0x1a6301ef
push,0x73ead628
pop,0x38b3d1b6
pop,0x79bd551f
pop,0x1c0a7cb5
push,0x65913b04
pop,0x423ea7e0
push,0x724f697b
pop,0x1a6301ef
push,0x5a4aad1c
pop,0x73ead628
pop,0x65913b04
push,0x7c2c388d
pop,0x724f697b
push,0x5528bf8a
push,0x4cb428c0
push,0x0ca2f76e
push,0x4d86d5d8
pop,0x5a4aad1c
push,0x02b9b938
push,0x5e94b538
pop,0x7c2c388d
push,0x2b3637fe
push,0x7d4a737a
pop,0x5528bf8a
push,0x03ddd676
push,0x7acea989
pop,0x4cb428c0
pop,0x0ca2f76e
push,0x18c87b9c
pop,0x4d86d5d8
pop,0x02b9b938
pop,0x5e94b538
push,0x187ed68e
push,0x72c907d9
push,0x515dbd12
pop,0x2b3637fe
push,0x7c93f510
pop,0x7d4a737a
push,0x54b60823
push,0x7c7c807b
push,0x7da8c3a1
push,0x05c6c508
push,0x642fba1c
pop,0x03ddd676
pop,0x7acea989
pop,0x18c87b9c
pop,0x187ed68e
pop,0x72c907d9
pop,0x515dbd12
pop,0x7c93f510
push,0x197408a3
push,0x259dcb46
pop,0x54b60823
pop,0x7c7c807b
pop,0x7da8c3a1
push,0x530a1422
push,0x5ab747fb
push,0x5e944541
pop,0x05c6c508
pop,0x642fba1c
pop,0x197408a3
pop,0x259dcb46
pop,0x530a1422
pop,0x5ab747fb
push,0x5a217db9
push,0x571497a4
push,0x5ce69943
pop,0x5e944541
push,0x7a653051
pop,0x5a217db9
push,0x44afa06e
push,0x22e058eb
pop,0x571497a4
push,0x45b12d78
pop,0x5ce69943
push,0x213d6053
pop,0x7a653051
pop,0x44afa06e
pop,0x22e058eb
pop,0x45b12d78
push,0x0648da87
push,0x1ac28361
pop,0x213d6053
push,0x77a91ca4
push,0x530032f9
pop,0x0648da87
push,0x2927c6dd
push,0x7aab3bd4
pop,0x1ac28361
pop,0x77a91ca4
push,0x47f5f750
push,0x1b2335a5
push,0x2c343143
pop,0x530032f9
push,0x4d719196
push,0x7c2d8440
pop,0x2927c6dd
pop,0x7aab3bd4
push,0x03489054
push,0x6a95c94a
push,0x68123d1c
pop,0x47f5f750
push,0x22eb6a40
pop,0x1b2335a5
pop,0x2c343143
pop,0x4d719196
pop,0x7c2d8440
push,0x5167debc
pop,0x03489054
pop,0x6a95c94a
push,0x669d1ae3
pop,0x68123d1c
push,0x53ce3dcd
pop,0x22eb6a40
push,0x2a8031ca
pop,0x5167debc
pop,0x669d1ae3
push,0x7d45507c
push,0x2af80f2b
push,0x0e4095c9
pop,0x53ce3dcd
pop,0x2a8031ca
pop,0x7d45507c
push,0x4d52540e
push,0x35f1318a
push,0x1abd9347
pop,0x2af80f2b
pop,0x0e4095c9
pop,0x4d52540e
pop,0x35f1318a
pop,0x1abd9347
pop,0x4d719196
push,0x5b0bffdc
push,0x22cb2d89
pop,0x22cb2d89
pop,0x03489054
push,0x706f4aae
pop,0x6a95c94a
push,0x2501192e
push,0x76aa916e
push,0x271c7dc7
pop,0x76aa916e
pop,0x271c7dc7
pop,0x5167debc
push,0x4a348c92
push,0x183bc95e
push,0x115dc851
pop,0x183bc95e
push,0x5a763191
push,0x45feec53
pop,0x115dc851
pop,0x5a763191
pop,0x45feec53
push,0x0ec877db
pop,0x0ec877db
push,0x44f32291
push,0x1d13afa3
pop,0x44f32291
pop,0x1d13afa3
pop,0x35f1318a
push,0x10e60519
push,0x7f1ba8a1
push,0x03e5aa8e
push,0x27196958
push,0x6d1855ab
pop,0x7f1ba8a1
pop,0x03e5aa8e
push,0x26b1913e
pop,0x27196958
pop,0x6d1855ab
pop,0x26b1913e
push,0x56cdb12a
push,0x694ff65d
push,0x53d22020
pop,0x56cdb12a
pop,0x694ff65d
push,0x3293b9a0
pop,0x53d22020
pop,0x3293b9a0
pop,0x115dc851
push,0x2dfccd15
pop,0x5a763191
push,0x7e95c19e
push,0x37eb29d3
push,0x29411480
pop,0x37eb29d3
pop,0x29411480
push,0x0a4fd9af
push,0x5b1365d0
pop,0x0a4fd9af
push,0x2aad9951
pop,0x5b1365d0
pop,0x2aad9951
pop,0x7f1ba8a1
push,0x26566be1
pop,0x03e5aa8e
push,0x79750405
pop,0x27196958
push,0x11c3d7f4
pop,0x6d1855ab
push,0x098b5263
push,0x0f8edc17
push,0x41891a5a
push,0x1dabdbe5
pop,0x0f8edc17
pop,0x41891a5a
pop,0x1dabdbe5
push,0x7777d564
pop,0x7777d564
pop,0x3293b9a0
push,0x76b390cf
pop,0x2dfccd15
push,0x4c4dc9ff
pop,0x7e95c19e
push,0x6f655eea
pop,0x37eb29d3
push,0x1f8cc20e
pop,0x29411480
push,0x666051ab
pop,0x0a4fd9af
push,0x0523c236
pop,0x5b1365d0
push,0x307d667a
pop,0x2aad9951
push,0x4e831c39
push,0x5edb348c
pop,0x5edb348c
pop,0x79750405
push,0x746b4d5e
pop,0x11c3d7f4
push,0x5acb9f09
push,0x4330c5a2
push,0x016a8d94
push,0x77624841
push,0x331112b4
push,0x27001ffd
pop,0x4330c5a2
pop,0x016a8d94
pop,0x77624841
push,0x5e860399
push,0x783485d2
push,0x53e833ff
push,0x410839e8
push,0x22e1fe1e
pop,0x331112b4
push,0x24ffcbae
push,0x68309150
push,0x6e81d07e
push,0x75102049
pop,0x27001ffd
push,0x32d840da
pop,0x5e860399
push,0x75ed32e6
pop,0x783485d2
pop,0x53e833ff
push,0x1d1479a7
pop,0x410839e8
pop,0x22e1fe1e
push,0x106bf2e7
push,0x2ee8d11c
pop,0x24ffcbae
push,0x299c6d4a
push,0x29996734
pop,0x68309150
push,0x20191aa0
push,0x630effba
pop,0x6e81d07e
pop,0x75102049
pop,0x32d840da
pop,0x75ed32e6
pop,0x1d1479a7
push,0x56edec63
pop,0x106bf2e7
pop,0x2ee8d11c
push,0x5bb81abe
push,0x6342f984
pop,0x299c6d4a
push,0x122bcaa1
pop,0x29996734
push,0x4a892829
pop,0x20191aa0
push,0x1ec9275e
pop,0x630effba
push,0x1b7e2a2f
pop,0x56edec63
push,0x2a957245
pop,0x5bb81abe
pop,0x6342f984
pop,0x122bcaa1
pop,0x4a892829
push,0x69086aa4
pop,0x1ec9275e
pop,0x1b7e2a2f
push,0x15af8c7a
push,0x25fef4a6
push,0x6c8a3bad
push,0x7f01dc01
push,0x092c42f6
push,0x2fa8b858
pop,0x2a957245
push,0x13be1bc3
push,0x496657a0
push,0x155d088e
push,0x29357bfe
push,0x376787ef
push,0x308a1299
push,0x2d0ca059
pop,0x69086aa4
push,0x22f4e176
pop,0x15af8c7a
push,0x21f6bd78
pop,0x25fef4a6
push,0x5dc358a9
push,0x190c2caa
pop,0x6c8a3bad
pop,0x7f01dc01
pop,0x092c42f6
pop,0x2fa8b858
push,0x708e3e66
push,0x1af55deb
pop,0x13be1bc3
pop,0x496657a0
push,0x0abe2b18
push,0x6f8f93f4
push,0x6c5c0f65
push,0x56cf96e3
pop,0x155d088e
pop,0x29357bfe
pop,0x376787ef
push,0x71c7d707
push,0x010b49cf
push,0x1d39eeac
pop,0x308a1299
pop,0x2d0ca059
push,0x3e6265db
pop,0x22f4e176
push,0x7c8af3d9
push,0x11228f37
pop,0x21f6bd78
pop,0x5dc358a9
pop,0x190c2caa
push,0x3e1e517c
push,0x673b1029
pop,0x708e3e66
pop,0x1af55deb
pop,0x0abe2b18
pop,0x6f8f93f4
push,0x6f70ea8b
pop,0x6c5c0f65
pop,0x56cf96e3
pop,0x71c7d707
pop,0x010b49cf
pop,0x1d39eeac
pop,0x3e6265db
pop,0x7c8af3d9
pop,0x11228f37
pop,0x3e1e517c
pop,0x673b1029
pop,0x6f70ea8b
pop,0x190c2caa
push,0x39648ec1
pop,0x708e3e66
push,0x1960a56a
push,0x662404fe
push,0x0704889c
pop,0x662404fe
pop,0x0704889c
pop,0x6f8f93f4
push,0x77577b1f
push,0x58de2e10
push,0x0369e0dc
push,0x7fede1dc
pop,0x58de2e10
push,0x2d3dd473
pop,0x0369e0dc
push,0x5700111f
pop,0x7fede1dc
push,0x1c998b15
pop,0x2d3dd473
push,0x37b8e81d
push,0x3ebd70b9
pop,0x5700111f
pop,0x1c998b15
push,0x6a897761
pop,0x37b8e81d
pop,0x3ebd70b9
push,0x214ed5f0
pop,0x6a897761
pop,0x214ed5f0
push,0x029bff5d
pop,0x029bff5d
push,0x71fc945e
push,0x10b6292d
pop,0x71fc945e
push,0x67b63a4c
push,0x28bc1bc7
push,0x416c8f2b
push,0x0856a422
push,0x35788945
push,0x115a25b5
push,0x59c962fe
pop,0x10b6292d
push,0x68b383a9
push,0x6b4f8306
pop,0x67b63a4c
push,0x5d4c1764
pop,0x28bc1bc7
push,0x4c019c3d
push,0x305a6045
pop,0x416c8f2b
pop,0x0856a422
pop,0x35788945
pop,0x115a25b5
pop,0x59c962fe
pop,0x68b383a9
push,0x63498ecb
pop,0x6b4f8306
push,0x3bb7c96f
push,0x3ed4a47b
push,0x0377305a
pop,0x5d4c1764
push,0x6ec6b360
push,0x36e6b08b
push,0x6a827077
pop,0x4c019c3d
push,0x2fe536c9
push,0x18a98ec6
pop,0x305a6045
pop,0x63498ecb
push,0x5e234b61
push,0x49da6c68
pop,0x3bb7c96f
pop,0x3ed4a47b
pop,0x0377305a
push,0x12019a4e
push,0x1578caa8
push,0x6e87af2b
push,0x5acb8b4f
pop,0x6ec6b360
push,0x454dfbc6
pop,0x36e6b08b
pop,0x6a827077
pop,0x2fe536c9
pop,0x18a98ec6
pop,0x5e234b61
push,0x53cd474a
push,0x56a17135
push,0x1b6358e7
pop,0x49da6c68
pop,0x12019a4e
push,0x203d0842
push,0x579350c4
pop,0x1578caa8
push,0x325edc13
push,0x49eb8a9f
push,0x592c4d5e
pop,0x6e87af2b
push,0x4d997e3a
pop,0x5acb8b4f
push,0x0ab229d9
pop,0x454dfbc6
pop,0x53cd474a
push,0x5b6f3c04
push,0x0c1d48da
pop,0x56a17135
push,0x2c5a511c
pop,0x1b6358e7
push,0x183e812f
push,0x0feb5909
pop,0x203d0842
push,0x1de6af3c
pop,0x579350c4
pop,0x325edc13
pop,0x49eb8a9f
push,0x1f1d02bc
push,0x11351d02
pop,0x592c4d5e
push,0x6ca45906
pop,0x4d997e3a
pop,0x0ab229d9
push,0x2ac5a1e0
pop,0x5b6f3c04
push,0x603afb87
push,0x10694552
push,0x752cd48c
push,0x6f719238
push,0x0e94afb1
pop,0x0c1d48da
pop,0x2c5a511c
push,0x159726c1
pop,0x183e812f
push,0x4a5d8027
pop,0x0feb5909
push,0x683b1506
pop,0x1de6af3c
push,0x576b5402
pop,0x1f1d02bc
push,0x300eb405
push,0x1232af1c
pop,0x11351d02
push,0x115ab910
pop,0x6ca45906
pop,0x2ac5a1e0
push,0x3c898028
push,0x06e7004f
pop,0x603afb87
push,0x4a062258
pop,0x10694552
push,0x1c54176b
push,0x7ab747eb
pop,0x752cd48c
pop,0x6f719238
push,0x42c927b3
push,0x4b5eb74c
pop,0x0e94afb1
pop,0x159726c1
push,0x5453d728
pop,0x4a5d8027
push,0x7a949f83
pop,0x683b1506
push,0x09467a2b
push,0x4a95680a
pop,0x576b5402
push,0x528ec2ba
pop,0x300eb405
pop,0x1232af1c
pop,0x115ab910
push,0x3df79985
push,0x2c3048ff
pop,0x3c898028
push,0x5cbec62a
push,0x60c290b2
pop,0x06e7004f
pop,0x4a062258
push,0x5b49d7db
pop,0x1c54176b
pop,0x7ab747eb
pop,0x42c927b3
push,0x64a4f18d
push,0x618bed9c
push,0x6f1bebeb
push,0x012cecc2
pop,0x4b5eb74c
push,0x03b5b8e6
pop,0x5453d728
push,0x13d7c5a7
pop,0x7a949f83
pop,0x09467a2b
pop,0x4a95680a
pop,0x528ec2ba
push,0x34af3c09
push,0x54026f23
pop,0x3df79985
push,0x2356b9bb
push,0x669bf023
pop,0x2c3048ff
push,0x7edb6367
push,0x7264ae86
pop,0x5cbec62a
pop,0x60c290b2
pop,0x5b49d7db
push,0x0bc5bb26
pop,0x64a4f18d
push,0x186d481f
pop,0x618bed9c
pop,0x6f1bebeb
pop,0x012cecc2
pop,0x03b5b8e6
pop,0x13d7c5a7
push,0x4648f47c
pop,0x34af3c09
pop,0x54026f23
push,0x74fbf269
pop,0x2356b9bb
push,0x66b81905
push,0x0bee4ba9
pop,0x669bf023
push,0x4e6d9df4
pop,0x7edb6367
push,0x5a33591b
push,0x5457f1cb
pop,0x7264ae86
pop,0x0bc5bb26
pop,0x186d481f
pop,0x4648f47c
pop,0x74fbf269
pop,0x66b81905
pop,0x0bee4ba9
push,0x7fff63c2
pop,0x4e6d9df4
pop,0x5a33591b
pop,0x5457f1cb
push,0x015e95c9
push,0x795738c7
push,0x7e577ea4
push,0x22747a57
pop,0x7fff63c2
pop,0x015e95c9
push,0x257aeda8
push,0x51d2959b
push,0x51d1f95d
pop,0x795738c7
push,0x24441e2a
push,0x2c21bafd
push,0x63cc37ca
push,0x728c6dc1
pop,0x7e577ea4
push,0x2b0f581b
pop,0x22747a57
push,0x4d83d272
pop,0x257aeda8
push,0x1ae70bc5
pop,0x51d2959b
pop,0x51d1f95d
pop,0x24441e2a
push,0x53a8aa5c
pop,0x2c21bafd
pop,0x63cc37ca
pop,0x728c6dc1
push,0x32b7910a
pop,0x2b0f581b
pop,0x4d83d272
push,0x7fc3e278
push,0x33d7c423
push,0x2ed2eba8
push,0x423e17a3
push,0x3adfe8f2
push,0x4ba9fb8e
pop,0x1ae70bc5
pop,0x53a8aa5c
push,0x3d1309ca
pop,0x32b7910a
push,0x7f701469
pop,0x7fc3e278
pop,0x33d7c423
pop,0x2ed2eba8
pop,0x423e17a3
push,0x0aefa611
push,0x068ca163
push,0x5ec00eda
pop,0x3adfe8f2
push,0x16aea642
push,0x58ecbde5
push,0x6f33ee79
pop,0x4ba9fb8e
pop,0x3d1309ca
pop,0x7f701469
pop,0x0aefa611
push,0x71937eb1
pop,0x068ca163
pop,0x5ec00eda
pop,0x16aea642
push,0x1fd66acb
pop,0x58ecbde5
push,0x5e61b777
pop,0x6f33ee79
pop,0x71937eb1
push,0x25e32200
pop,0x1fd66acb
push,0x40c4c141
push,0x44d5ce11
pop,0x5e61b777
push,0x695d62fc
pop,0x25e32200
pop,0x40c4c141
push,0x08257090
push,0x2889ec39
push,0x06eba3b1
push,0x43688af6
pop,0x44d5ce11
push,0x4506c406
push,0x34a6b3d3
push,0x094023ba
pop,0x695d62fc
push,0x4a04e4fb
pop,0x08257090
pop,0x2889ec39
push,0x0c33d21c
pop,0x06eba3b1
pop,0x43688af6
pop,0x4506c406
pop,0x34a6b3d3
push,0x3101def1
pop,0x094023ba
push,0x37ed82a2
push,0x4c7c37bc
push,0x22ae5959
pop,0x4a04e4fb
pop,0x0c33d21c
push,0x4fb805f1
push,0x72736f0e
push,0x3d8e20a7
pop,0x3101def1
push,0x16d8dab7
pop,0x37ed82a2
pop,0x4c7c37bc
push,0x60d6d046
pop,0x22ae5959
pop,0x4fb805f1
push,0x07bab55b
push,0x38bc944d
pop,0x72736f0e
pop,0x3d8e20a7
push,0x0032859e
pop,0x16d8dab7
pop,0x60d6d046
pop,0x07bab55b
push,0x0a95fc57
push,0x34da1732
pop,0x38bc944d
pop,0x0032859e
pop,0x0a95fc57
push,0x4cb957dd
push,0x40c7fac1
pop,0x34da1732
push,0x6b187299
pop,0x4cb957dd
push,0x13f62551
push,0x00005867
push,0x748befd2
pop,0x40c7fac1
push,0x1b9d97fa
push,0x079e6f05
pop,0x6b187299
pop,0x13f62551
pop,0x00005867
push,0x27747e25
pop,0x748befd2
pop,0x1b9d97fa
push,0x0172e6de
push,0x6dfff0ff
push,0x2130530a
pop,0x079e6f05
pop,0x27747e25
pop,0x0172e6de
push,0x3701a2ad
push,0x133476d4
pop,0x6dfff0ff
push,0x6bcc096a
push,0x533218b7
push,0x3a64de77
pop,0x2130530a
push,0x38e7e31e
push,0x5da1d89b
pop,0x3701a2ad
pop,0x133476d4
pop,0x6bcc096a
pop,0x533218b7
push,0x571f9116
pop,0x3a64de77
push,0x6538dd1d
pop,0x38e7e31e
pop,0x5da1d89b
pop,0x571f9116
pop,0x6538dd1d
push,0x22e24f3e
push,0x1db51572
push,0x055ec3d2
push,0x3079466c
pop,0x22e24f3e
pop,0x1db51572
push,0x666ab9e3
pop,0x055ec3d2
push,0x440c927e
push,0x345c97a2
pop,0x3079466c
pop,0x666ab9e3
push,0x2882f924
pop,0x440c927e
push,0x70ee24ba
push,0x5e9278bb
pop,0x345c97a2
push,0x14e42b7d
pop,0x2882f924
pop,0x70ee24ba
push,0x30a43ecb
pop,0x5e9278bb
pop,0x14e42b7d
push,0x6cde4ea4
push,0x213ae646
pop,0x30a43ecb
push,0x5c23aa9d
pop,0x6cde4ea4
push,0x483dee83
pop,0x213ae646
push,0x17d927ce
pop,0x5c23aa9d
push,0x0a56b057
push,0x6f7ec8e0
push,0x65f38b99
pop,0x483dee83
pop,0x17d927ce
push,0x512c4a01
pop,0x0a56b057
push,0x3e0a98a6
pop,0x6f7ec8e0
pop,0x65f38b99
pop,0x512c4a01
push,0x4e11890f
pop,0x3e0a98a6
push,0x2bc906c6
push,0x5d7f3f12
push,0x05e61473
pop,0x4e11890f
pop,0x2bc906c6
pop,0x5d7f3f12
push,0x2159df06
pop,0x05e61473
pop,0x2159df06
pop,0x30a43ecb
push,0x7e8b8fcf
push,0x280821ad
push,0x26974e1c
pop,0x280821ad
pop,0x26974e1c
pop,0x5c23aa9d
push,0x596795c9
pop,0x483dee83
push,0x19c1e439
push,0x2bee52f5
pop,0x2bee52f5
push,0x77894be8
push,0x72112658
push,0x523632b0
push,0x045fc49c
push,0x31108262
push,0x140ee33f
push,0x4e1a42f2
pop,0x77894be8
push,0x0eda543d
push,0x7c8adc95
push,0x1b10e798
push,0x3822826b
pop,0x72112658
push,0x406a0316
push,0x53abfcf1
push,0x68a919e4
pop,0x523632b0
push,0x5625c850
pop,0x045fc49c
push,0x14f43566
push,0x1899ce8f
pop,0x31108262
push,0x7688515b
pop,0x140ee33f
push,0x0b45d7dc
push,0x08545f75
pop,0x4e1a42f2
pop,0x0eda543d
push,0x66591181
pop,0x7c8adc95
pop,0x1b10e798
push,0x49334c0e
push,0x22eb42c6
pop,0x3822826b
pop,0x406a0316
push,0x2ef56da9
pop,0x53abfcf1
pop,0x68a919e4
push,0x6cde5900
pop,0x5625c850
push,0x399ddaf1
pop,0x14f43566
pop,0x1899ce8f
pop,0x7688515b
pop,0x0b45d7dc
pop,0x08545f75
push,0x4aef480f
push,0x14db4e74
pop,0x66591181
push,0x7f42d2fd
pop,0x49334c0e
pop,0x22eb42c6
push,0x08bfe03d
pop,0x2ef56da9
pop,0x6cde5900
push,0x7701ade1
push,0x25479cfb
pop,0x399ddaf1
push,0x265ad25c
push,0x2a89452c
pop,0x4aef480f
pop,0x14db4e74
push,0x20a1f0b9
push,0x2e455cbf
push,0x7b2fec40
push,0x095dfd1f
pop,0x7f42d2fd
push,0x08a0d01d
push,0x073f5d0a
pop,0x08bfe03d
pop,0x7701ade1
push,0x4ed57df3
pop,0x25479cfb
pop,0x265ad25c
push,0x4454015a
pop,0x2a89452c
pop,0x20a1f0b9
push,0x772d838e
pop,0x2e455cbf
pop,0x7b2fec40
pop,0x095dfd1f
pop,0x08a0d01d
push,0x08a34259
pop,0x073f5d0a
pop,0x4ed57df3
pop,0x4454015a
push,0x01018cf5
pop,0x772d838e
pop,0x08a34259
push,0x1b2dc797
pop,0x01018cf5
pop,0x1b2dc797
pop,0x7701ade1
push,0x62c6ea3d
pop,0x25479cfb
push,0x3074b1d3
pop,0x265ad25c
push,0x788de418
push,0x73bb270f
push,0x46db231f
push,0x214145e5
push,0x2242d2da
pop,0x73bb270f
push,0x434e3b3a
pop,0x46db231f
push,0x4b682279
pop,0x214145e5
push,0x1bec3eca
pop,0x2242d2da
pop,0x434e3b3a
push,0x5d543b44
push,0x489a9804
pop,0x4b682279
pop,0x1bec3eca
push,0x07e04a06
pop,0x5d543b44
push,0x29218feb
push,0x131bbb02
pop,0x489a9804
pop,0x07e04a06
pop,0x29218feb
pop,0x131bbb02
push,0x73f65e21
push,0x6a9fc1f0
push,0x6a596305
push,0x33fc7009
push,0x29c3d774
pop,0x73f65e21
push,0x01643965
push,0x3647047c
pop,0x6a9fc1f0
push,0x5f689468
pop,0x6a596305
pop,0x33fc7009
pop,0x29c3d774
pop,0x01643965
pop,0x3647047c
push,0x38dff345
push,0x24161551
push,0x7d91d41f
pop,0x5f689468
push,0x5c25c53a
pop,0x38dff345
push,0x0ea89cff
push,0x561581f2
push,0x7e37590e
pop,0x24161551
push,0x6cdd8c99
pop,0x7d91d41f
push,0x734b222a
pop,0x5c25c53a
push,0x1761377c
pop,0x0ea89cff
push,0x47197681
pop,0x561581f2
pop,0x7e37590e
push,0x53897626
push,0x57a28471
push,0x744d678f
pop,0x6cdd8c99
push,0x2a513556
pop,0x734b222a
push,0x56554cbf
push,0x1020d9bd
pop,0x1761377c
pop,0x47197681
pop,0x53897626
push,0x4d3d99a1
push,0x51d0cb44
pop,0x57a28471
pop,0x744d678f
pop,0x2a513556
push,0x1159cc60
push,0x0c1afd8b
push,0x63bd81fd
push,0x1c9c387e
push,0x1b15b0aa
pop,0x56554cbf
push,0x2c95f255
push,0x38c1b459
pop,0x1020d9bd
pop,0x4d3d99a1
push,0x3de3532d
push,0x4c4e89fd
push,0x671bbd61
push,0x13cdbba9
pop,0x51d0cb44
pop,0x1159cc60
push,0x5e74f53d
push,0x06c3c62b
pop,0x0c1afd8b
pop,0x63bd81fd
pop,0x1c9c387e
push,0x652579f4
push,0x603783ef
push,0x16e35ed3
push,0x005395e6
pop,0x1b15b0aa
push,0x67e5c0fa
push,0x1584adfa
pop,0x2c95f255
push,0x7ca06b5b
pop,0x38c1b459
pop,0x3de3532d
pop,0x4c4e89fd
pop,0x671bbd61
push,0x37913b8e
push,0x7e4c09b5
push,0x61f728c2
pop,0x13cdbba9
pop,0x5e74f53d
push,0x5f4271eb
push,0x7566c467
pop,0x06c3c62b
pop,0x652579f4
push,0x57bbefd4
pop,0x603783ef
pop,0x16e35ed3
pop,0x005395e6
push,0x76be8f54
push,0x0523ed0e
pop,0x67e5c0fa
push,0x0c2180ac
pop,0x1584adfa
pop,0x7ca06b5b
pop,0x37913b8e
push,0x6d23976a
pop,0x7e4c09b5
push,0x484a5794
push,0x214286c4
push,0x78fe7699
push,0x54846836
push,0x2bcad80f
push,0x4d1367ac
push,0x265131b3
pop,0x61f728c2
push,0x3272b25f
pop,0x5f4271eb
push,0x64e04ea7
pop,0x7566c467
push,0x01452760
pop,0x57bbefd4
push,0x532d98f1
pop,0x76be8f54
pop,0x0523ed0e
push,0x0cc6d115
push,0x179b0e02
pop,0x0c2180ac
push,0x79f33013
pop,0x6d23976a
pop,0x484a5794
pop,0x214286c4
pop,0x78fe7699
pop,0x54846836
pop,0x2bcad80f
pop,0x4d1367ac
push,0x5fcfcbbe
pop,0x265131b3
push,0x226a6b3b
push,0x3b59e310
pop,0x3272b25f
pop,0x64e04ea7
pop,0x01452760
pop,0x532d98f1
pop,0x0cc6d115
push,0x5334527a
pop,0x179b0e02
pop,0x79f33013
push,0x5709bbf9
push,0x60e61cf2
push,0x5006e7c3
push,0x77d391c4
push,0x144c9239
pop,0x5fcfcbbe
pop,0x226a6b3b
push,0x7eabda07
push,0x377b997c
pop,0x3b59e310
pop,0x5334527a
push,0x099113d4
pop,0x5709bbf9
push,0x60498c03
push,0x16d1cff1
pop,0x60e61cf2
pop,0x5006e7c3
pop,0x77d391c4
pop,0x144c9239
pop,0x7eabda07
pop,0x377b997c
push,0x39ba661e
push,0x4d29c179
pop,0x099113d4
pop,0x60498c03
pop,0x16d1cff1
pop,0x39ba661e
pop,0x4d29c179
push,0x7e6910cb
pop,0x7e6910cb
push,0x061ec290
pop,0x061ec290
push,0x0252a087
pop,0x0252a087
pop,0x5334527a
push,0x2231f1f3
pop,0x5709bbf9
push,0x6ebdcace
pop,0x60e61cf2
push,0x4b882776
push,0x19413005
pop,0x19413005
pop,0x77d391c4
push,0x1dc90361
push,0x49ee4aa2
push,0x2fa58732
pop,0x49ee4aa2
pop,0x2fa58732
push,0x0bafb03a
push,0x2a2e8479
push,0x711ffdca
pop,0x0bafb03a
pop,0x2a2e8479
push,0x0923abc4
push,0x1d83e71d
push,0x4cdb6dc4
push,0x71be5a4e
pop,0x711ffdca
push,0x27319e80
pop,0x0923abc4
pop,0x1d83e71d
push,0x6f1b5b1f
push,0x7582f51a
pop,0x4cdb6dc4
push,0x51adcf24
push,0x7614d125
push,0x5ff89bf5
push,0x7a713696
pop,0x71be5a4e
push,0x7bc47ce4
pop,0x27319e80
push,0x6bbe67f0
push,0x1a57642f
pop,0x6f1b5b1f
pop,0x7582f51a
pop,0x51adcf24
pop,0x7614d125
push,0x4f41b53e
push,0x224005fc
push,0x6224545d
push,0x4c372737
push,0x22244899
push,0x7c8228a8
push,0x2f485681
push,0x4fe4d0f3
push,0x3ba338e4
push,0x1c09aede
pop,0x5ff89bf5
pop,0x7a713696
push,0x702d7472
pop,0x7bc47ce4
pop,0x6bbe67f0
push,0x1c8564c6
push,0x5665a876
pop,0x1a57642f
push,0x27253c61
push,0x23a76509
pop,0x4f41b53e
push,0x25a6a211
pop,0x224005fc
push,0x4557f120
pop,0x6224545d
pop,0x4c372737
pop,0x22244899
push,0x56d4c2f7
pop,0x7c8228a8
push,0x376d13c8
push,0x78ff4b55
pop,0x2f485681
push,0x0eb7d2df
pop,0x4fe4d0f3
push,0x57ba4c62
push,0x045197fe
pop,0x3ba338e4
push,0x02c74c9a
pop,0x1c09aede
pop,0x702d7472
push,0x1028926f
push,0x028d2a3d
pop,0x1c8564c6
push,0x316f4360
pop,0x5665a876
pop,0x27253c61
push,0x0d3ab783
pop,0x23a76509
pop,0x25a6a211
push,0x5ecee22d
pop,0x4557f120
push,0x61962ec7
push,0x43fd1c43
pop,0x56d4c2f7
push,0x094cd4c5
push,0x3d4f5926
pop,0x376d13c8
pop,0x78ff4b55
pop,0x0eb7d2df
pop,0x57ba4c62
push,0x04d01dd0
push,0x0e33aaf1
pop,0x045197fe
pop,0x02c74c9a
push,0x76667770
push,0x1fd55995
push,0x46da38b9
pop,0x1028926f
push,0x25a91ae6
push,0x5c98d91d
pop,0x028d2a3d
push,0x5153b6c1
pop,0x316f4360
pop,0x0d3ab783
push,0x1be5a5a1
pop,0x5ecee22d
push,0x459834c3
push,0x6f7afee9
pop,0x61962ec7
push,0x7afc867a
pop,0x43fd1c43
pop,0x094cd4c5
push,0x696c6a27
push,0x4d5ac2fa
pop,0x3d4f5926
pop,0x04d01dd0
pop,0x0e33aaf1
pop,0x76667770
pop,0x1fd55995
pop,0x46da38b9
push,0x2dacf885
push,0x555d67cb
push,0x11ee3509
push,0x357bfc07
pop,0x25a91ae6
push,0x1d47b0e0
pop,0x5c98d91d
pop,0x5153b6c1
push,0x496a91fc
pop,0x1be5a5a1
push,0x2fd328d6
push,0x5f1ac3a7
push,0x78bf34d7
pop,0x459834c3
push,0x19b15aa6
pop,0x6f7afee9
pop,0x7afc867a
pop,0x696c6a27
pop,0x4d5ac2fa
pop,0x2dacf885
push,0x57b1a16d
pop,0x555d67cb
pop,0x11ee3509
pop,0x357bfc07
pop,0x1d47b0e0
pop,0x496a91fc
push,0x7e04eb5a
pop,0x2fd328d6
push,0x2ceb47b8
pop,0x5f1ac3a7
push,0x78da556f
pop,0x78bf34d7
pop,0x19b15aa6
push,0x70087702
push,0x1a64fc59
pop,0x57b1a16d
pop,0x7e04eb5a
push,0x7e02b702
push,0x0b840b05
pop,0x2ceb47b8
pop,0x78da556f
pop,0x70087702
pop,0x1a64fc59
pop,0x7e02b702
push,0x4eba43c0
pop,0x0b840b05
pop,0x4eba43c0
push,0x2756615b
push,0x41bb5db4
push,0x31a235f5
pop,0x2756615b
push,0x576b2a81
push,0x7f18ad02
push,0x1cbf756d
push,0x2911ccb5
pop,0x41bb5db4
push,0x4adafd2a
pop,0x31a235f5
push,0x7a7b1eb0
pop,0x576b2a81
pop,0x7f18ad02
push,0x6cd132e9
push,0x66a2d929
pop,0x1cbf756d
push,0x3fa30e44
push,0x454f0096
pop,0x2911ccb5
push,0x50897742
push,0x2ff4d875
push,0x6e7ac41b
push,0x53cf9d9e
pop,0x4adafd2a
pop,0x7a7b1eb0
push,0x3b784644
pop,0x6cd132e9
pop,0x66a2d929
push,0x2a1985f0
push,0x2bd12dcb
pop,0x3fa30e44
push,0x6b743c0f
push,0x47db0485
pop,0x454f0096
push,0x116552c2
push,0x5f03d3ed
pop,0x50897742
push,0x483d36f7
push,0x4629708c
push,0x685e7f45
push,0x76f6d4dd
push,0x08d461cc
pop,0x2ff4d875
push,0x133f382d
pop,0x6e7ac41b
push,0x1767327e
pop,0x53cf9d9e
push,0x77ecc7f7
pop,0x3b784644
push,0x7994c71d
pop,0x2a1985f0
push,0x708b9bfa
pop,0x2bd12dcb
pop,0x6b743c0f
push,0x08be9b15
push,0x5add65da
pop,0x47db0485
pop,0x116552c2
push,0x0427212b
push,0x724ffaf7
pop,0x5f03d3ed
pop,0x483d36f7
pop,0x4629708c
pop,0x685e7f45
push,0x58028c73
pop,0x76f6d4dd
pop,0x08d461cc
push,0x37560d52
push,0x4222ef8a
push,0x1d392b79
push,0x0713998b
pop,0x133f382d
pop,0x1767327e
pop,0x77ecc7f7
pop,0x7994c71d
pop,0x708b9bfa
pop,0x08be9b15
push,0x62d1b312
pop,0x5add65da
push,0x1f419a19
pop,0x0427212b
push,0x335e0181
push,0x7bdf3324
push,0x0816853c
pop,0x724ffaf7
push,0x25791327
pop,0x58028c73
push,0x679c02b1
push,0x5b2b1343
pop,0x37560d52
push,0x3d27b558
push,0x56f08064
pop,0x4222ef8a
pop,0x1d392b79
push,0x174e6878
push,0x39349aeb
pop,0x0713998b
push,0x3340332f
push,0x58720c3b
pop,0x62d1b312
pop,0x1f419a19
push,0x6bb23229
pop,0x335e0181
push,0x2eb6bca0
push,0x5a731434
pop,0x7bdf3324
push,0x29409c26
push,0x25cba09e
pop,0x0816853c
pop,0x25791327
push,0x658a0f8c
push,0x6fb1fb2b
pop,0x679c02b1
push,0x50a803f2
pop,0x5b2b1343
push,0x02947535
pop,0x3d27b558
push,0x5c3bcce2
pop,0x56f08064
pop,0x174e6878
push,0x0b3542f7
pop,0x39349aeb
pop,0x3340332f
pop,0x58720c3b
push,0x4a6708dd
pop,0x6bb23229
pop,0x2eb6bca0
push,0x5c35f520
pop,0x5a731434
pop,0x29409c26
pop,0x25cba09e
push,0x609380e6
pop,0x658a0f8c
pop,0x6fb1fb2b
push,0x159cce29
pop,0x50a803f2
pop,0x02947535
pop,0x5c3bcce2
push,0x0b518b0c
pop,0x0b3542f7
push,0x02beff2b
pop,0x4a6708dd
push,0x6700ab11
pop,0x5c35f520
push,0x44b98e93
push,0x3327c4ba
pop,0x609380e6
pop,0x159cce29
pop,0x0b518b0c
pop,0x02beff2b
push,0x387ea4c4
pop,0x6700ab11
pop,0x44b98e93
pop,0x3327c4ba
pop,0x387ea4c4
pop,0x658a0f8c
push,0x24ed9182
pop,0x6fb1fb2b
push,0x19bd3b62
push,0x7471d606
pop,0x7471d606
push,0x392b6499
push,0x6e400e47
push,0x37d96658
push,0x7d9914b8
push,0x67a25a4d
pop,0x392b6499
pop,0x6e400e47
pop,0x37d96658
pop,0x7d9914b8
push,0x070f9a37
pop,0x67a25a4d
push,0x7b81703d
pop,0x070f9a37
pop,0x7b81703d
pop,0x0b518b0c
push,0x4abd0ead
pop,0x02beff2b
push,0x370fc65d
push,0x61831e82
pop,0x61831e82
push,0x1f40887c
pop,0x1f40887c
push,0x61177f01
pop,0x61177f01
push,0x7b7cdc30
push,0x34113e1d
push,0x48b30073
push,0x28a8c7ac
push,0x54805456
pop,0x7b7cdc30
pop,0x34113e1d
push,0x191e2738
pop,0x48b30073
push,0x314dc0ad
pop,0x28a8c7ac
pop,0x54805456
pop,0x191e2738
pop,0x314dc0ad
pop,0x7d9914b8
push,0x5731e9d6
pop,0x67a25a4d
push,0x257975e2
pop,0x070f9a37
push,0x6a97e434
push,0x1a61ceac
push,0x29a1074b
push,0x776cc047
pop,0x1a61ceac
pop,0x29a1074b
push,0x09e27ad4
push,0x0d7f2b43
push,0x49953bfc
push,0x33c32ab1
pop,0x776cc047
pop,0x09e27ad4
push,0x5748578f
pop,0x0d7f2b43
pop,0x49953bfc
pop,0x33c32ab1
pop,0x5748578f
pop,0x48b30073
